timestamp,phosphate,phosphate_flags,run_number,run_number_flags
UTC,micrograms per liter,NAN,NAN,NAN
data logger,Seabird/Wetlabs CycleP,NAN,Seabird/Wetlabs CycleP,NAN
7/30/2015 20:05,0,1 1 2 1 1,25,4 2 2 2
7/30/2015 21:05,0,1 1 2 1 1,26,4 2 2 2
7/30/2015 22:05,-2,4 1 2 1 1,27,4 2 2 2
7/30/2015 23:05,-0.6,4 1 2 1 1,28,4 2 2 2
7/31/2015 0:05,-0.3,4 1 2 1 1,29,4 2 2 2
7/31/2015 1:05,-0.3,4 1 2 1 1,30,4 2 2 2
7/31/2015 2:05,-0.9,4 1 2 1 1,31,4 2 2 2
7/31/2015 4:05,-0.1,4 1 2 1 1,33,4 2 2 2
7/31/2015 5:05,-0.4,4 1 2 1 1,34,4 2 2 2
7/31/2015 6:05,-0.6,4 1 2 1 1,35,4 2 2 2
7/31/2015 7:05,-0.3,4 1 2 1 1,36,4 2 2 2
7/31/2015 8:05,-0.5,4 1 2 1 1,37,4 2 2 2
7/31/2015 9:05,-0.5,4 1 2 1 1,38,4 2 2 2
7/31/2015 10:05,-0.4,4 1 2 1 1,39,4 2 2 2
7/31/2015 12:05,-0.4,4 1 2 1 1,41,4 2 2 2
7/31/2015 13:05,2.4,1 1 2 1 1,42,4 2 2 2
7/31/2015 14:05,2.3,1 1 2 1 1,43,4 2 2 2
7/31/2015 15:05,-0.3,4 1 2 1 1,44,4 2 2 2
7/31/2015 16:05,-1,4 1 2 1 1,45,4 2 2 2
7/31/2015 17:05,2.2,1 1 2 1 1,46,4 2 2 2
7/31/2015 18:05,-0.2,4 1 2 1 1,47,4 2 2 2
7/31/2015 20:05,-0.5,4 1 2 1 1,49,4 2 2 2
7/31/2015 21:05,-0.6,4 1 2 1 1,50,4 2 2 2
7/31/2015 22:05,-0.6,4 1 2 1 1,51,4 2 2 2
7/31/2015 23:05,-0.9,4 1 2 1 1,52,4 2 2 2
8/1/2015 0:05,-0.5,4 1 2 1 1,53,4 2 2 2
8/1/2015 1:05,-0.6,4 1 2 1 1,54,4 2 2 2
8/1/2015 2:05,-0.9,4 1 2 1 1,55,4 2 2 2
8/1/2015 4:05,-2.1,4 1 2 1 1,57,4 2 2 2
8/1/2015 5:05,-0.5,4 1 2 1 1,58,4 2 2 2
8/1/2015 6:05,-0.5,4 1 2 1 1,59,4 2 2 2
8/1/2015 7:05,-1.1,4 1 2 1 1,60,4 2 2 2
8/1/2015 8:05,1.7,1 1 2 1 1,61,4 2 2 2
8/1/2015 9:05,-1.4,4 1 2 1 1,62,4 2 2 2
8/1/2015 10:05,0.1,1 1 2 1 1,63,4 2 2 2
8/1/2015 12:05,-0.8,4 1 2 1 1,65,4 2 2 2
8/1/2015 13:05,0.5,1 1 2 1 1,66,4 2 2 2
8/1/2015 14:05,-0.3,4 1 2 1 1,67,4 2 2 2
8/1/2015 15:05,0,1 1 2 1 1,68,4 2 2 2
8/1/2015 16:05,2,1 1 2 1 1,69,4 2 2 2
8/1/2015 17:05,-0.4,4 1 2 1 1,70,4 2 2 2
8/1/2015 18:05,-0.3,4 1 2 1 1,71,4 2 2 2
8/1/2015 20:05,-0.1,4 1 2 1 1,73,4 2 2 2
8/1/2015 21:05,-0.3,4 1 2 1 1,74,4 2 2 2
8/1/2015 22:05,-1.1,4 1 2 1 1,75,4 2 2 2
8/1/2015 23:05,-0.5,4 1 2 1 1,76,4 2 2 2
8/2/2015 0:05,0.9,1 1 2 1 1,77,4 2 2 2
8/2/2015 1:05,0,1 1 2 1 1,78,4 2 2 2
8/2/2015 2:05,-0.5,4 1 2 1 1,79,4 2 2 2
8/2/2015 4:05,0.4,1 1 2 1 1,81,4 2 2 2
8/2/2015 5:05,-1,4 1 2 1 1,82,4 2 2 2
8/2/2015 6:05,-2.6,4 1 2 1 1,83,4 2 2 2
8/2/2015 7:05,-2,4 1 2 1 1,84,4 2 2 2
8/2/2015 8:05,-0.3,4 1 2 1 1,85,4 2 2 2
8/2/2015 9:05,-0.6,4 1 2 1 1,86,4 2 2 2
8/2/2015 10:05,-0.3,4 1 2 1 1,87,4 2 2 2
8/2/2015 12:05,3.5,1 1 2 1 1,89,4 2 2 2
8/2/2015 13:05,-1,4 1 2 1 1,90,4 2 2 2
8/2/2015 14:05,-0.5,4 1 2 1 1,91,4 2 2 2
8/2/2015 15:05,-0.6,4 1 2 1 1,92,4 2 2 2
8/2/2015 16:05,0.9,1 1 2 1 1,93,4 2 2 2
8/2/2015 17:05,-0.2,4 1 2 1 1,94,4 2 2 2
8/2/2015 18:05,-1.4,4 1 2 1 1,95,4 2 2 2
8/2/2015 20:05,-1.2,4 1 2 1 1,97,4 2 2 2
8/2/2015 21:05,-1.1,4 1 2 1 1,98,4 2 2 2
8/2/2015 22:05,2.1,1 1 2 1 1,99,4 2 2 2
8/2/2015 23:05,-1.4,4 1 2 1 1,100,4 2 2 2
8/3/2015 0:05,2.3,1 1 2 1 1,101,4 2 2 2
8/3/2015 1:05,-2.8,4 1 2 1 1,102,4 2 2 2
8/3/2015 2:05,-0.4,4 1 2 1 1,103,4 2 2 2
8/3/2015 4:05,0.2,1 1 2 1 1,105,4 2 2 2
8/3/2015 5:05,-1.4,4 1 2 1 1,106,4 2 2 2
8/3/2015 6:05,-3.9,4 1 2 1 1,107,4 2 2 2
8/3/2015 7:05,2.2,1 1 2 1 1,108,4 2 2 2
8/3/2015 8:05,-0.6,4 1 2 1 1,109,4 2 2 2
8/3/2015 9:05,0,1 1 2 1 1,110,4 2 2 2
8/3/2015 10:05,-2,4 1 2 1 1,111,4 2 2 2
8/3/2015 12:05,-0.3,4 1 2 1 1,113,4 2 2 2
8/3/2015 13:05,-3,4 1 2 1 1,114,4 2 2 2
8/3/2015 14:05,-0.4,4 1 2 1 1,115,4 2 2 2
8/3/2015 15:05,-3.7,4 1 2 1 1,116,4 2 2 2
8/3/2015 16:05,-1.3,4 1 2 1 1,117,4 2 2 2
8/3/2015 17:05,-2.4,4 1 2 1 1,118,4 2 2 2
8/3/2015 18:05,-2.1,4 1 2 1 1,119,4 2 2 2
8/3/2015 20:05,-1.7,4 1 2 1 1,121,4 2 2 2
8/3/2015 21:05,0.5,1 1 2 1 1,122,4 2 2 2
8/3/2015 22:05,-2.2,4 1 2 1 1,123,4 2 2 2
8/3/2015 23:05,-1.3,4 1 2 1 1,124,4 2 2 2
8/4/2015 0:05,0.2,1 1 2 1 1,125,4 2 2 2
8/4/2015 1:05,-3.3,4 1 2 1 1,126,4 2 2 2
8/4/2015 2:05,0.5,1 1 2 1 1,127,4 2 2 2
8/4/2015 4:05,-1.9,4 1 2 1 1,129,4 2 2 2
8/4/2015 5:05,-1.2,4 1 2 1 1,130,4 2 2 2
8/4/2015 6:05,-0.5,4 1 2 1 1,131,4 2 2 2
8/4/2015 7:05,-1.2,4 1 2 1 1,132,4 2 2 2
8/4/2015 8:05,-1.3,4 1 2 1 1,133,4 2 2 2
8/4/2015 9:05,0.5,1 1 2 1 1,134,4 2 2 2
8/4/2015 10:05,-1.3,4 1 2 1 1,135,4 2 2 2
8/4/2015 12:05,1.8,1 1 2 1 1,137,4 2 2 2
8/4/2015 13:05,0.6,1 1 2 1 1,138,4 2 2 2
8/4/2015 14:05,0.5,1 1 2 1 1,139,4 2 2 2
8/4/2015 15:05,-0.8,4 1 2 1 1,140,4 2 2 2
8/4/2015 16:05,-0.8,4 1 2 1 1,141,4 2 2 2
8/4/2015 17:05,0.1,1 1 2 1 1,142,4 2 2 2
8/4/2015 18:05,-0.1,4 1 2 1 1,143,4 2 2 2
8/4/2015 20:05,-1.5,4 1 2 1 1,145,4 2 2 2
8/4/2015 21:05,0.5,1 1 2 1 1,146,4 2 2 2
8/4/2015 22:05,-1,4 1 2 1 1,147,4 2 2 2
8/4/2015 23:05,-0.6,4 1 2 1 1,148,4 2 2 2
8/5/2015 0:05,-0.6,4 1 2 1 1,149,4 2 2 2
8/5/2015 1:05,-0.1,4 1 2 1 1,150,4 2 2 2
8/5/2015 2:05,-0.6,4 1 2 1 1,151,4 2 2 2
8/5/2015 4:05,1.8,1 1 2 1 1,153,4 2 2 2
8/5/2015 5:05,0.2,1 1 2 1 1,154,4 2 2 2
8/5/2015 6:05,-1,4 1 2 1 1,155,4 2 2 2
8/5/2015 7:05,0.2,1 1 2 1 1,156,4 2 2 2
8/5/2015 8:05,-0.2,4 1 2 1 1,157,4 2 2 2
8/5/2015 9:05,-1.1,4 1 2 1 1,158,4 2 2 2
8/5/2015 10:05,-2.4,4 1 2 1 1,159,4 2 2 2
8/5/2015 12:05,0.5,1 1 2 1 1,161,4 2 2 2
8/5/2015 13:05,0,1 1 2 1 1,162,4 2 2 2
8/5/2015 14:05,0.6,1 1 2 1 1,163,4 2 2 2
8/5/2015 15:05,-1.7,4 1 2 1 1,164,4 2 2 2
8/5/2015 16:05,-1,4 1 2 1 1,165,4 2 2 2
8/5/2015 17:05,-2,4 1 2 1 1,166,4 2 2 2
8/5/2015 18:05,-0.9,4 1 2 1 1,167,4 2 2 2
8/5/2015 20:05,-1.3,4 1 2 1 1,169,4 2 2 2
8/5/2015 21:05,-1.2,4 1 2 1 1,170,4 2 2 2
8/5/2015 22:05,-3.5,4 1 2 1 1,171,4 2 2 2
8/5/2015 23:05,-2.5,4 1 2 1 1,172,4 2 2 2
8/6/2015 0:05,-5.9,4 1 2 1 4,173,4 2 2 2
8/6/2015 1:05,3.2,1 1 2 1 1,174,4 2 2 2
8/6/2015 2:05,-0.7,4 1 2 1 1,175,4 2 2 2
8/6/2015 4:05,-1.3,4 1 2 1 1,177,4 2 2 2
8/6/2015 5:05,0.6,1 1 2 1 1,178,4 2 2 2
8/6/2015 6:05,-1.7,4 1 2 1 1,179,4 2 2 2
8/6/2015 7:05,2.4,1 1 2 1 1,180,4 2 2 2
8/6/2015 8:05,-1,4 1 2 1 1,181,4 2 2 2
8/6/2015 9:05,-1.9,4 1 2 1 1,182,4 2 2 2
8/6/2015 10:05,0.2,1 1 2 1 1,183,4 2 2 2
8/6/2015 12:05,-2.3,4 1 2 1 1,185,4 2 2 2
8/6/2015 13:05,-1.6,4 1 2 1 1,186,4 2 2 2
8/6/2015 14:05,-1.4,4 1 2 1 1,187,4 2 2 2
8/6/2015 15:05,-3.3,4 1 2 1 1,188,4 2 2 2
8/6/2015 16:05,2.1,1 1 2 1 1,189,4 2 2 2
8/6/2015 17:05,-0.7,4 1 2 1 1,190,4 2 2 2
8/6/2015 18:05,-1.6,4 1 2 1 1,191,4 2 2 2
8/6/2015 20:05,1.2,1 1 2 1 1,193,4 2 2 2
8/6/2015 21:05,-0.4,4 1 2 1 1,194,4 2 2 2
8/6/2015 22:05,-3.4,4 1 2 1 1,195,4 2 2 2
8/6/2015 23:05,-1.6,4 1 2 1 1,196,4 2 2 2
8/7/2015 0:05,-1.9,4 1 2 1 1,197,4 2 2 2
8/7/2015 1:05,-2,4 1 2 1 1,198,4 2 2 2
8/7/2015 2:05,0.7,1 1 2 1 1,199,4 2 2 2
8/7/2015 4:05,-0.9,4 1 2 1 1,201,4 2 2 2
8/7/2015 5:05,-2.3,4 1 2 1 1,202,4 2 2 2
8/7/2015 6:05,-1.2,4 1 2 1 1,203,4 2 2 2
8/7/2015 7:05,-1.6,4 1 2 1 1,204,4 2 2 2
8/7/2015 8:05,-1.1,4 1 2 1 1,205,4 2 2 2
8/7/2015 9:05,-1.4,4 1 2 1 1,206,4 2 2 2
8/7/2015 10:05,2.2,1 1 2 1 1,207,4 2 2 2
8/7/2015 12:05,-3,4 1 2 1 1,209,4 2 2 2
8/7/2015 13:05,-5.2,4 1 2 1 4,210,4 2 2 2
8/7/2015 14:05,-3.7,4 1 2 1 1,211,4 2 2 2
8/7/2015 15:05,-0.8,4 1 2 1 1,212,4 2 2 2
8/7/2015 16:05,5.3,1 1 2 1 1,213,4 2 2 2
8/7/2015 17:05,-2.5,4 1 2 1 1,214,4 2 2 2
8/7/2015 18:05,-0.7,4 1 2 1 1,215,4 2 2 2
8/7/2015 20:05,0.5,1 1 2 1 1,217,4 2 2 2
8/7/2015 21:05,-0.9,4 1 2 1 1,218,4 2 2 2
8/7/2015 22:05,-2.9,4 1 2 1 1,219,4 2 2 2
8/7/2015 23:05,-2.3,4 1 2 1 1,220,4 2 2 2
8/8/2015 0:05,-1.4,4 1 2 1 1,221,4 2 2 2
8/8/2015 1:05,-2.2,4 1 2 1 1,222,4 2 2 2
8/8/2015 2:05,-1.8,4 1 2 1 1,223,4 2 2 2
8/8/2015 4:05,0.1,1 1 2 1 1,225,4 2 2 2
8/8/2015 5:05,-3.8,4 1 2 1 1,226,4 2 2 2
8/8/2015 6:05,-2.2,4 1 2 1 1,227,4 2 2 2
8/8/2015 7:05,-2.4,4 1 2 1 1,228,4 2 2 2
8/8/2015 8:05,-1.4,4 1 2 1 1,229,4 2 2 2
8/8/2015 9:05,-2.3,4 1 2 1 1,230,4 2 2 2
8/8/2015 10:05,2.2,1 1 2 1 1,231,4 2 2 2
8/8/2015 12:05,-3.4,4 1 2 1 1,233,4 2 2 2
8/8/2015 13:05,0.6,1 1 2 1 1,234,4 2 2 2
8/8/2015 14:05,-1.9,4 1 2 1 1,235,4 2 2 2
8/8/2015 15:05,-2.6,4 1 2 1 1,236,4 2 2 2
8/8/2015 16:05,-3.5,4 1 2 1 1,237,4 2 2 2
8/8/2015 17:05,-3.9,4 1 2 1 1,238,4 2 2 2
8/8/2015 18:05,-0.5,4 1 2 1 1,239,4 2 2 2
8/8/2015 20:05,-3.6,4 1 2 1 1,241,4 2 2 2
8/8/2015 21:05,-1.1,4 1 2 1 1,242,4 2 2 2
8/8/2015 22:05,-1.9,4 1 2 1 1,243,4 2 2 2
8/8/2015 23:05,-0.1,4 1 2 1 1,244,4 2 2 2
8/9/2015 0:05,-1.7,4 1 2 1 1,245,4 2 2 2
8/9/2015 1:05,0.7,1 1 2 1 1,246,4 2 2 2
8/9/2015 2:05,0.3,1 1 2 1 1,247,4 2 2 2
8/9/2015 4:05,-1.2,4 1 2 1 1,249,4 2 2 2
8/9/2015 5:05,0.8,1 1 2 1 1,250,4 2 2 2
8/9/2015 6:05,-1.1,4 1 2 1 1,251,4 2 2 2
8/9/2015 7:05,-1.7,4 1 2 1 1,252,4 2 2 2
8/9/2015 8:05,-2.8,4 1 2 1 1,253,4 2 2 2
8/9/2015 9:05,-2.2,4 1 2 1 1,254,4 2 2 2
8/9/2015 10:05,-1.5,4 1 2 1 1,255,4 2 2 2
8/9/2015 12:05,-0.7,4 1 2 1 1,257,4 2 2 2
8/9/2015 13:05,2.8,1 1 2 1 1,258,4 2 2 2
8/9/2015 14:05,-2.4,4 1 2 1 1,259,4 2 2 2
8/9/2015 15:05,-3.2,4 1 2 1 1,260,4 2 2 2
8/9/2015 16:05,-0.5,4 1 2 1 1,261,4 2 2 2
8/9/2015 17:05,-2.7,4 1 2 1 1,262,4 2 2 2
8/9/2015 18:05,3.3,1 1 2 1 1,263,4 2 2 2
8/9/2015 20:05,-2.1,4 1 2 1 1,265,4 2 2 2
8/9/2015 21:05,-2.1,4 1 2 1 1,266,4 2 2 2
8/9/2015 22:05,-0.5,4 1 2 1 1,267,4 2 2 2
8/9/2015 23:05,-2.1,4 1 2 1 1,268,4 2 2 2
8/10/2015 0:05,-3.9,4 1 2 1 1,269,4 2 2 2
8/10/2015 1:05,-0.6,4 1 2 1 1,270,4 2 2 2
8/10/2015 2:05,-0.9,4 1 2 1 1,271,4 2 2 2
8/10/2015 4:05,-1.8,4 1 2 1 1,273,4 2 2 2
8/10/2015 5:05,-0.5,4 1 2 1 1,274,4 2 2 2
8/10/2015 6:05,-0.6,4 1 2 1 1,275,4 2 2 2
8/10/2015 7:05,0.2,1 1 2 1 1,276,4 2 2 2
8/10/2015 8:05,-1.2,4 1 2 1 1,277,4 2 2 2
8/10/2015 9:05,-0.2,4 1 2 1 1,278,4 2 2 2
8/10/2015 10:05,-0.3,4 1 2 1 1,279,4 2 2 2
8/10/2015 12:05,-0.3,4 1 2 1 1,281,4 2 2 2
8/10/2015 13:05,-1.6,4 1 2 1 1,282,4 2 2 2
8/10/2015 14:05,-3,4 1 2 1 1,283,4 2 2 2
8/10/2015 15:05,-1.6,4 1 2 1 1,284,4 2 2 2
8/10/2015 16:05,-1.3,4 1 2 1 1,285,4 2 2 2
8/10/2015 17:05,4.9,1 1 2 1 1,286,4 2 2 2
8/10/2015 18:05,-2,4 1 2 1 1,287,4 2 2 2
8/10/2015 20:05,7.2,1 1 2 1 1,289,4 2 2 2
8/10/2015 21:05,-8.1,4 1 2 1 4,290,4 2 2 2
8/10/2015 22:05,-0.1,4 1 2 1 1,291,4 2 2 2
8/10/2015 23:05,-4.3,4 1 2 1 1,292,4 2 2 2
8/11/2015 0:05,-2.8,4 1 2 1 1,293,4 2 2 2
8/11/2015 1:05,-2.4,4 1 2 1 1,294,4 2 2 2
8/11/2015 2:05,-1.5,4 1 2 1 1,295,4 2 2 2
8/11/2015 4:05,-2.1,4 1 2 1 1,297,4 2 2 2
8/11/2015 5:05,-0.1,4 1 2 1 1,298,4 2 2 2
8/11/2015 6:05,0.9,1 1 2 1 1,299,4 2 2 2
8/11/2015 7:05,-1.7,4 1 2 1 1,300,4 2 2 2
8/11/2015 8:05,1.6,1 1 2 1 1,301,4 2 2 2
8/11/2015 9:05,1.1,1 1 2 1 1,302,4 2 2 2
8/11/2015 10:05,-1.2,4 1 2 1 1,303,4 2 2 2
8/11/2015 12:05,-2.7,4 1 2 1 1,305,4 2 2 2
8/11/2015 13:05,-0.1,4 1 2 1 1,306,4 2 2 2
8/11/2015 14:05,-2.1,4 1 2 1 1,307,4 2 2 2
8/11/2015 15:05,-1.3,4 1 2 1 1,308,4 2 2 2
8/11/2015 16:05,-1.1,4 1 2 1 1,309,4 2 2 2
8/11/2015 17:05,-4.5,4 1 2 1 1,310,4 2 2 2
8/11/2015 18:05,1.7,1 1 2 1 1,311,4 2 2 2
8/11/2015 20:05,-3.5,4 1 2 1 1,313,4 2 2 2
8/11/2015 21:05,-6.7,4 1 2 1 4,314,4 2 2 2
8/11/2015 22:05,1.1,1 1 2 1 1,315,4 2 2 2
8/11/2015 23:05,-2.9,4 1 2 1 1,316,4 2 2 2
8/12/2015 0:05,-0.2,4 1 2 1 1,317,4 2 2 2
8/12/2015 1:05,-3.5,4 1 2 1 1,318,4 2 2 2
8/12/2015 2:05,-0.7,4 1 2 1 1,319,4 2 2 2
8/12/2015 4:05,-1.7,4 1 2 1 1,321,4 2 2 2
8/12/2015 5:05,-3.8,4 1 2 1 1,322,4 2 2 2
8/12/2015 6:05,-1.7,4 1 2 1 1,323,4 2 2 2
8/12/2015 7:05,-3.1,4 1 2 1 1,324,4 2 2 2
8/12/2015 8:05,2.2,1 1 2 1 1,325,4 2 2 2
8/12/2015 9:05,-2.2,4 1 2 1 1,326,4 2 2 2
8/12/2015 10:05,-2.1,4 1 2 1 1,327,4 2 2 2
8/12/2015 12:05,0.9,1 1 2 1 1,329,4 2 2 2
8/12/2015 13:05,-3.4,4 1 2 1 1,330,4 2 2 2
8/12/2015 14:05,-0.7,4 1 2 1 1,331,4 2 2 2
8/12/2015 15:05,-1.8,4 1 2 1 1,332,4 2 2 2
8/12/2015 16:05,-2.7,4 1 2 1 1,333,4 2 2 2
8/12/2015 17:05,0.5,1 1 2 1 1,334,4 2 2 2
8/12/2015 18:05,-0.5,4 1 2 1 1,335,4 2 2 2
8/12/2015 20:05,-2.9,4 1 2 1 1,337,4 2 2 2
8/12/2015 21:05,-1,4 1 2 1 1,338,4 2 2 2
8/12/2015 22:05,-4,4 1 2 1 1,339,4 2 2 2
8/12/2015 23:05,-0.3,4 1 2 1 1,340,4 2 2 2
8/13/2015 0:05,-1.7,4 1 2 1 1,341,4 2 2 2
8/13/2015 1:05,-3.6,4 1 2 1 1,342,4 2 2 2
8/13/2015 2:05,-0.4,4 1 2 1 1,343,4 2 2 2
8/13/2015 4:05,-1.7,4 1 2 1 1,345,4 2 2 2
8/13/2015 5:05,-0.4,4 1 2 1 1,346,4 2 2 2
8/13/2015 6:05,1.6,1 1 2 1 1,347,4 2 2 2
8/13/2015 7:05,-4.4,4 1 2 1 1,348,4 2 2 2
8/13/2015 8:05,-0.4,4 1 2 1 1,349,4 2 2 2
8/13/2015 9:05,-3.1,4 1 2 1 1,350,4 2 2 2
8/13/2015 10:05,-1.8,4 1 2 1 1,351,4 2 2 2
8/13/2015 12:05,2,1 1 2 1 1,353,4 2 2 2
8/13/2015 13:05,-0.7,4 1 2 1 1,354,4 2 2 2
8/13/2015 14:05,-1.8,4 1 2 1 1,355,4 2 2 2
8/13/2015 15:05,-1.8,4 1 2 1 1,356,4 2 2 2
8/13/2015 16:05,-1,4 1 2 1 1,357,4 2 2 2
8/13/2015 17:05,-1.8,4 1 2 1 1,358,4 2 2 2
8/13/2015 18:05,-0.9,4 1 2 1 1,359,4 2 2 2
8/13/2015 20:05,-1.8,4 1 2 1 1,361,4 2 2 2
8/13/2015 21:05,-2.2,4 1 2 1 1,362,4 2 2 2
8/13/2015 22:05,-1.8,4 1 2 1 1,363,4 2 2 2
8/13/2015 23:05,-3.5,4 1 2 1 1,364,4 2 2 2
8/14/2015 0:05,1.1,1 1 2 1 1,365,4 2 2 2
8/14/2015 1:05,3.4,1 1 2 1 1,366,4 2 2 2
8/14/2015 2:05,-0.6,4 1 2 1 1,367,4 2 2 2
8/14/2015 4:05,1.2,1 1 2 1 1,369,4 2 2 2
8/14/2015 5:05,-0.6,4 1 2 1 1,370,4 2 2 2
8/14/2015 6:05,-0.6,4 1 2 1 1,371,4 2 2 2
8/14/2015 7:05,-3.2,4 1 2 1 1,372,4 2 2 2
8/14/2015 8:05,-4.1,4 1 2 1 1,373,4 2 2 2
8/14/2015 9:05,-1,4 1 2 1 1,374,4 2 2 2
8/14/2015 10:05,0.9,1 1 2 1 1,375,4 2 2 2
8/14/2015 12:05,-1.6,4 1 2 1 1,377,4 2 2 2
8/14/2015 13:05,-3.3,4 1 2 1 1,378,4 2 2 2
8/14/2015 14:05,-3.4,4 1 2 1 1,379,4 2 2 2
8/14/2015 15:05,-3,4 1 2 1 1,380,4 2 2 2
8/14/2015 16:05,-1.6,4 1 2 1 1,381,4 2 2 2
8/14/2015 17:05,1.8,1 1 2 1 1,382,4 2 2 2
8/14/2015 18:05,-2.3,4 1 2 1 1,383,4 2 2 2
8/14/2015 20:05,-1.7,4 1 2 1 1,385,4 2 2 2
8/14/2015 21:05,-1.9,4 1 2 1 1,386,4 2 2 2
8/14/2015 22:05,-0.3,4 1 2 1 1,387,4 2 2 2
8/14/2015 23:05,-1.5,4 1 2 1 1,388,4 2 2 2
8/15/2015 0:05,-2.1,4 1 2 1 1,389,4 2 2 2
8/15/2015 1:05,-1.8,4 1 2 1 1,390,4 2 2 2
8/15/2015 2:05,-0.7,4 1 2 1 1,391,4 2 2 2
8/15/2015 4:05,-3.1,4 1 2 1 1,393,4 2 2 2
8/15/2015 5:05,2.4,1 1 2 1 1,394,4 2 2 2
8/15/2015 6:05,-1.1,4 1 2 1 1,395,4 2 2 2
8/15/2015 7:05,3,1 1 2 1 1,396,4 2 2 2
8/15/2015 8:05,-2.5,4 1 2 1 1,397,4 2 2 2
8/15/2015 9:05,-3.2,4 1 2 1 1,398,4 2 2 2
8/15/2015 10:05,0.8,1 1 2 1 1,399,4 2 2 2
8/15/2015 12:05,0.5,1 1 2 1 1,401,4 2 2 2
8/15/2015 13:05,-1.7,4 1 2 1 1,402,4 2 2 2
8/15/2015 14:05,0.9,1 1 2 1 1,403,4 2 2 2
8/15/2015 15:05,-1.1,4 1 2 1 1,404,4 2 2 2
8/15/2015 16:05,0.3,1 1 2 1 1,405,4 2 2 2
8/15/2015 17:05,-2.6,4 1 2 1 1,406,4 2 2 2
8/15/2015 18:05,-1.9,4 1 2 1 1,407,4 2 2 2
8/15/2015 20:05,-3.6,4 1 2 1 1,409,4 2 2 2
8/15/2015 21:05,-1.5,4 1 2 1 1,410,4 2 2 2
8/15/2015 22:05,9.2,1 1 2 1 1,411,4 2 2 2
8/15/2015 23:05,7.4,1 1 2 1 1,412,4 2 2 2
8/16/2015 0:05,1.2,1 1 2 1 1,413,4 2 2 2
8/16/2015 1:05,2.1,1 1 2 1 1,414,4 2 2 2
8/16/2015 2:05,1.6,1 1 2 1 1,415,4 2 2 2
8/16/2015 4:05,-1.9,4 1 2 1 1,417,4 2 2 2
8/16/2015 5:05,-1.9,4 1 2 1 1,418,4 2 2 2
8/16/2015 6:05,-2.1,4 1 2 1 1,419,4 2 2 2
8/16/2015 7:05,-1.6,4 1 2 1 1,420,4 2 2 2
8/16/2015 8:05,2.7,1 1 2 1 1,421,4 2 2 2
8/16/2015 9:05,-5.6,4 1 2 1 4,422,4 2 2 2
8/16/2015 10:05,-4.4,4 1 2 1 1,423,4 2 2 2
8/16/2015 12:05,-1.1,4 1 2 1 1,425,4 2 2 2
8/16/2015 13:05,0.4,1 1 2 1 1,426,4 2 2 2
8/16/2015 14:05,-4.8,4 1 2 1 1,427,4 2 2 2
8/16/2015 15:05,-2.9,4 1 2 1 1,428,4 2 2 2
8/16/2015 16:05,-0.4,4 1 2 1 1,429,4 2 2 2
8/16/2015 17:05,-3.2,4 1 2 1 1,430,4 2 2 2
8/16/2015 18:05,-1,4 1 2 1 1,431,4 2 2 2
8/16/2015 20:05,-0.2,4 1 2 1 1,433,4 2 2 2
8/16/2015 21:05,5.8,1 1 2 1 1,434,4 2 2 2
8/16/2015 22:05,-0.7,4 1 2 1 1,435,4 2 2 2
8/16/2015 23:05,2.1,1 1 2 1 1,436,4 2 2 2
8/17/2015 0:05,-3.8,4 1 2 1 1,437,4 2 2 2
8/17/2015 1:05,-1.8,4 1 2 1 1,438,4 2 2 2
8/17/2015 2:05,4.1,1 1 2 1 1,439,4 2 2 2
8/17/2015 4:05,-2.9,4 1 2 1 1,441,4 2 2 2
8/17/2015 5:05,-4.3,4 1 2 1 1,442,4 2 2 2
8/17/2015 6:05,0.7,1 1 2 1 1,443,4 2 2 2
8/17/2015 7:05,1,1 1 2 1 1,444,4 2 2 2
8/17/2015 8:05,-1.1,4 1 2 1 1,445,4 2 2 2
8/17/2015 9:05,-2.8,4 1 2 1 1,446,4 2 2 2
8/17/2015 10:05,1,1 1 2 1 1,447,4 2 2 2
8/17/2015 12:05,-2.1,4 1 2 1 1,449,4 2 2 2
8/17/2015 13:05,-1,4 1 2 1 1,450,4 2 2 2
8/17/2015 14:05,-0.7,4 1 2 1 1,451,4 2 2 2
8/17/2015 15:05,-4.9,4 1 2 1 1,452,4 2 2 2
8/17/2015 16:05,-2.5,4 1 2 1 1,453,4 2 2 2
8/17/2015 17:05,-0.7,4 1 2 1 1,454,4 2 2 2
8/17/2015 18:05,-3.2,4 1 2 1 1,455,4 2 2 2
8/17/2015 20:05,-0.9,4 1 2 1 1,457,4 2 2 2
8/17/2015 21:05,0.8,1 1 2 1 1,458,4 2 2 2
8/17/2015 22:05,-6.5,4 1 2 1 4,459,4 2 2 2
8/17/2015 23:05,-5.3,4 1 2 1 4,460,4 2 2 2
8/18/2015 0:05,-3.1,4 1 2 1 1,461,4 2 2 2
8/18/2015 1:05,-1.3,4 1 2 1 1,462,4 2 2 2
8/18/2015 2:05,-1.4,4 1 2 1 1,463,4 2 2 2
8/18/2015 4:05,-6.8,4 1 2 1 4,465,4 2 2 2
8/18/2015 5:05,0.4,1 1 2 1 1,466,4 2 2 2
8/18/2015 6:05,-1.1,4 1 2 1 1,467,4 2 2 2
8/18/2015 7:05,-1.2,4 1 2 1 1,468,4 2 2 2
8/18/2015 8:05,-1.9,4 1 2 1 1,469,4 2 2 2
8/18/2015 9:05,-3.8,4 1 2 1 1,470,4 2 2 2
8/18/2015 10:05,-4,4 1 2 1 1,471,4 2 2 2
8/18/2015 12:05,-5,4 1 2 1 1,473,4 2 2 2
8/18/2015 13:05,-0.3,4 1 2 1 1,474,4 2 2 2
8/18/2015 14:05,-5.2,4 1 2 1 4,475,4 2 2 2
8/18/2015 15:05,-0.3,4 1 2 1 1,476,4 2 2 2
8/18/2015 16:05,0.3,1 1 2 1 1,477,4 2 2 2
8/18/2015 17:05,1,1 1 2 1 1,478,4 2 2 2
8/18/2015 18:05,0,1 1 2 1 1,479,4 2 2 2
8/18/2015 20:05,-4.2,4 1 2 1 1,481,4 2 2 2
8/18/2015 21:05,-2.3,4 1 2 1 1,482,4 2 2 2
8/18/2015 22:05,-0.6,4 1 2 1 1,483,4 2 2 2
8/18/2015 23:05,0.4,1 1 2 1 1,484,4 2 2 2
8/19/2015 0:05,-0.8,4 1 2 1 1,485,4 2 2 2
8/19/2015 1:05,-2,4 1 2 1 1,486,4 2 2 2
8/19/2015 2:05,-1.2,4 1 2 1 1,487,4 2 2 2
8/19/2015 4:05,0.9,1 1 2 1 1,489,4 2 2 2
8/19/2015 5:05,-3.1,4 1 2 1 1,490,4 2 2 2
8/19/2015 6:05,0.7,1 1 2 1 1,491,4 2 2 2
8/19/2015 7:05,0.3,1 1 2 1 1,492,4 2 2 2
8/19/2015 8:05,2.9,1 1 2 1 1,493,4 2 2 2
8/19/2015 9:05,2.6,1 1 2 1 1,494,4 2 2 2
8/19/2015 10:05,-0.1,4 1 2 1 1,495,4 2 2 2
8/19/2015 12:05,4.1,1 1 2 1 1,497,4 2 2 2
8/19/2015 13:05,1.8,1 1 2 1 1,498,4 2 2 2
8/19/2015 14:05,0.3,1 1 2 1 1,499,4 2 2 2
8/19/2015 15:05,-1.6,4 1 2 1 1,500,4 2 2 2
8/19/2015 16:05,-1.7,4 1 2 1 1,501,4 2 2 2
8/19/2015 17:05,1.7,1 1 2 1 1,502,4 2 2 2
8/19/2015 18:05,-4,4 1 2 1 1,503,4 2 2 2
8/19/2015 20:05,-0.3,4 1 2 1 1,505,4 2 2 2
8/19/2015 21:05,-4.5,4 1 2 1 1,506,4 2 2 2
8/19/2015 22:05,-2.3,4 1 2 1 1,507,4 2 2 2
8/19/2015 23:05,-5.7,4 1 2 1 4,508,4 2 2 2
8/20/2015 0:05,-0.9,4 1 2 1 1,509,4 2 2 2
8/20/2015 1:05,0.2,1 1 2 1 1,510,4 2 2 2
8/20/2015 2:05,-3.8,4 1 2 1 1,511,4 2 2 2
8/20/2015 4:05,-0.4,4 1 2 1 1,513,4 2 2 2
8/20/2015 5:05,4.5,1 1 2 1 1,514,4 2 2 2
8/20/2015 6:05,2,1 1 2 1 1,515,4 2 2 2
8/20/2015 7:05,-2,4 1 2 1 1,516,4 2 2 2
8/20/2015 8:05,-4.6,4 1 2 1 1,517,4 2 2 2
8/20/2015 9:05,-1.5,4 1 2 1 1,518,4 2 2 2
8/20/2015 10:05,-0.2,4 1 2 1 1,519,4 2 2 2
8/20/2015 12:05,-5.8,4 1 2 1 4,521,4 2 2 2
8/20/2015 13:05,2,1 1 2 1 1,522,4 2 2 2
8/20/2015 14:05,1.3,1 1 2 1 1,523,4 2 2 2
8/20/2015 15:05,0.1,1 1 2 1 1,524,4 2 2 2
8/20/2015 16:05,2.2,1 1 2 1 1,525,4 2 2 2
8/20/2015 17:05,1.9,1 1 2 1 1,526,4 2 2 2
8/20/2015 18:05,-4.3,4 1 2 1 1,527,4 2 2 2
8/20/2015 20:05,0.2,1 1 2 1 1,529,4 2 2 2
8/20/2015 21:05,2,1 1 2 1 1,530,4 2 2 2
8/20/2015 22:05,-1.6,4 1 2 1 1,531,4 2 2 2
8/20/2015 23:05,-3.1,4 1 2 1 1,532,4 2 2 2
8/21/2015 0:05,-3.7,4 1 2 1 1,533,4 2 2 2
8/21/2015 1:05,-2.8,4 1 2 1 1,534,4 2 2 2
8/21/2015 2:05,-0.5,4 1 2 1 1,535,4 2 2 2
8/21/2015 4:05,0.9,1 1 2 1 1,537,4 2 2 2
8/21/2015 5:05,-0.8,4 1 2 1 1,538,4 2 2 2
8/21/2015 6:05,-1.1,4 1 2 1 1,539,4 2 2 2
8/21/2015 7:05,-2.5,4 1 2 1 1,540,4 2 2 2
8/21/2015 8:05,0.4,1 1 2 1 1,541,4 2 2 2
8/21/2015 9:05,-0.4,4 1 2 1 1,542,4 2 2 2
8/21/2015 10:05,-1.4,4 1 2 1 1,543,4 2 2 2
8/21/2015 12:05,-2.1,4 1 2 1 1,545,4 2 2 2
8/21/2015 13:05,-0.3,4 1 2 1 1,546,4 2 2 2
8/21/2015 14:05,-2.8,4 1 2 1 1,547,4 2 2 2
8/21/2015 15:05,-2.7,4 1 2 1 1,548,4 2 2 2
8/21/2015 16:05,2.6,1 1 2 1 1,549,4 2 2 2
8/21/2015 17:05,-2,4 1 2 1 1,550,4 2 2 2
#VALUE!,0,1 1 2 1 1,0,1 2 2 2
8/21/2015 18:05,-2.5,4 1 2 1 1,551,4 2 2 2
8/21/2015 20:05,-0.4,4 1 2 1 1,553,4 2 2 2
8/21/2015 21:05,0.8,1 1 2 1 1,554,4 2 2 2
8/21/2015 22:05,0.3,1 1 2 1 1,555,4 2 2 2
8/21/2015 23:05,-2.3,4 1 2 1 1,556,4 2 2 2
8/22/2015 0:05,-0.3,4 1 2 1 1,557,4 2 2 2
8/22/2015 1:05,3,1 1 2 1 1,558,4 2 2 2
8/22/2015 2:05,-6.9,4 1 2 1 4,559,4 2 2 2
8/22/2015 4:05,7.8,1 1 2 1 1,561,4 2 2 2
8/22/2015 5:05,-2,4 1 2 1 1,562,4 2 2 2
8/22/2015 6:05,0.2,1 1 2 1 1,563,4 2 2 2
8/22/2015 7:05,-2.8,4 1 2 1 1,564,4 2 2 2
8/22/2015 8:05,2.5,1 1 2 1 1,565,4 2 2 2
8/22/2015 9:05,-1.6,4 1 2 1 1,566,4 2 2 2
8/22/2015 10:05,-0.2,4 1 2 1 1,567,4 2 2 2
8/22/2015 12:05,-3.1,4 1 2 1 1,569,4 2 2 2
8/22/2015 13:05,1.6,1 1 2 1 1,570,4 2 2 2
8/22/2015 14:05,-2.6,4 1 2 1 1,571,4 2 2 2
8/22/2015 15:05,-2.9,4 1 2 1 1,572,4 2 2 2
8/22/2015 16:05,-2.8,4 1 2 1 1,573,4 2 2 2
8/22/2015 17:05,-1.7,4 1 2 1 1,574,4 2 2 2
8/22/2015 18:05,-2.8,4 1 2 1 1,575,4 2 2 2
8/22/2015 20:05,-2.5,4 1 2 1 1,577,4 2 2 2
8/22/2015 21:05,-5.4,4 1 2 1 4,578,4 2 2 2
8/22/2015 22:05,-4.8,4 1 2 1 1,579,4 2 2 2
8/22/2015 23:05,-1.4,4 1 2 1 1,580,4 2 2 2
8/23/2015 0:05,-3.2,4 1 2 1 1,581,4 2 2 2
8/23/2015 1:05,-1.3,4 1 2 1 1,582,4 2 2 2
8/23/2015 2:05,-3.7,4 1 2 1 1,583,4 2 2 2
8/23/2015 4:05,3.5,1 1 2 1 1,585,4 2 2 2
8/23/2015 5:05,-4.8,4 1 2 1 1,586,4 2 2 2
8/23/2015 6:05,-0.3,4 1 2 1 1,587,4 2 2 2
8/23/2015 7:05,-5.6,4 1 2 1 4,588,4 2 2 2
8/23/2015 8:05,-2.7,4 1 2 1 1,589,4 2 2 2
8/23/2015 9:05,1.3,1 1 2 1 1,590,4 2 2 2
8/23/2015 10:05,-1.1,4 1 2 1 1,591,4 2 2 2
8/23/2015 12:05,-3.1,4 1 2 1 1,593,4 2 2 2
8/23/2015 13:05,-3.1,4 1 2 1 1,594,4 2 2 2
8/23/2015 14:05,0.7,1 1 2 1 1,595,4 2 2 2
8/23/2015 15:05,0.6,1 1 2 1 1,596,4 2 2 2
8/23/2015 16:05,-3.3,4 1 2 1 1,597,4 2 2 2
8/23/2015 17:05,-2.7,4 1 2 1 1,598,4 2 2 2
8/23/2015 18:05,-2.2,4 1 2 1 1,599,4 2 2 2
8/23/2015 20:05,-0.4,4 1 2 1 1,601,4 2 2 2
8/23/2015 21:05,-3.5,4 1 2 1 1,602,4 2 2 2
8/23/2015 22:05,-2.5,4 1 2 1 1,603,4 2 2 2
8/23/2015 23:05,-4.5,4 1 2 1 1,604,4 2 2 2
8/24/2015 0:05,-3.9,4 1 2 1 1,605,4 2 2 2
8/24/2015 1:05,-1.3,4 1 2 1 1,606,4 2 2 2
8/24/2015 2:05,-4.6,4 1 2 1 1,607,4 2 2 2
8/24/2015 4:05,-2.3,4 1 2 1 1,609,4 2 2 2
8/24/2015 5:05,0,1 1 2 1 1,610,4 2 2 2
8/24/2015 6:05,-1.2,4 1 2 1 1,611,4 2 2 2
8/24/2015 7:05,-2.5,4 1 2 1 1,612,4 2 2 2
8/24/2015 8:05,-6.9,4 1 2 1 4,613,4 2 2 2
8/24/2015 9:05,-1.1,4 1 2 1 1,614,4 2 2 2
8/24/2015 10:05,-4.1,4 1 2 1 1,615,4 2 2 2
8/24/2015 12:05,-0.7,4 1 2 1 1,617,4 2 2 2
8/24/2015 13:05,-3.7,4 1 2 1 1,618,4 2 2 2
8/24/2015 14:05,-0.8,4 1 2 1 1,619,4 2 2 2
8/24/2015 15:05,-3.2,4 1 2 1 1,620,4 2 2 2
8/24/2015 16:05,-1.6,4 1 2 1 1,621,4 2 2 2
8/24/2015 17:05,6.3,1 1 2 1 1,622,4 2 2 2
8/24/2015 18:05,-1,4 1 2 1 1,623,4 2 2 2
8/24/2015 20:05,-7.5,4 1 2 1 4,625,4 2 2 2
8/24/2015 21:05,-0.6,4 1 2 1 1,626,4 2 2 2
8/24/2015 22:05,-8.2,4 1 2 1 4,627,4 2 2 2
8/24/2015 23:05,-3.3,4 1 2 1 1,628,4 2 2 2
8/25/2015 0:05,-3.6,4 1 2 1 1,629,4 2 2 2
8/25/2015 1:05,-3.5,4 1 2 1 1,630,4 2 2 2
8/25/2015 2:05,4.3,1 1 2 1 1,631,4 2 2 2
8/25/2015 4:05,3,1 1 2 1 1,633,4 2 2 2
8/25/2015 5:05,-3.2,4 1 2 1 1,634,4 2 2 2
8/25/2015 6:05,2.3,1 1 2 1 1,635,4 2 2 2
8/25/2015 7:05,-1.3,4 1 2 1 1,636,4 2 2 2
8/25/2015 8:05,-1.5,4 1 2 1 1,637,4 2 2 2
8/25/2015 9:05,-4.5,4 1 2 1 1,638,4 2 2 2
8/25/2015 10:05,-1.9,4 1 2 1 1,639,4 2 2 2
8/25/2015 12:05,-2.8,4 1 2 1 1,641,4 2 2 2
8/25/2015 13:05,-4.6,4 1 2 1 1,642,4 2 2 2
8/25/2015 14:05,-4.4,4 1 2 1 1,643,4 2 2 2
8/25/2015 15:05,1.4,1 1 2 1 1,644,4 2 2 2
8/25/2015 16:05,-1.8,4 1 2 1 1,645,4 2 2 2
8/25/2015 17:05,-3.8,4 1 2 1 1,646,4 2 2 2
8/25/2015 18:05,-0.2,4 1 2 1 1,647,4 2 2 2
8/25/2015 20:05,-1.7,4 1 2 1 1,649,4 2 2 2
8/25/2015 21:05,-0.1,4 1 2 1 1,650,4 2 2 2
8/25/2015 22:05,0.6,1 1 2 1 1,651,4 2 2 2
8/25/2015 23:05,0.6,1 1 2 1 1,652,4 2 2 2
8/26/2015 0:05,-0.9,4 1 2 1 1,653,4 2 2 2
8/26/2015 1:05,-5.8,4 1 2 1 4,654,4 2 2 2
8/26/2015 2:05,1.6,1 1 2 1 1,655,4 2 2 2
8/26/2015 4:05,-4.9,4 1 2 1 1,657,4 2 2 2
8/26/2015 5:05,-1.5,4 1 2 1 1,658,4 2 2 2
8/26/2015 6:05,-2.4,4 1 2 1 1,659,4 2 2 2
8/26/2015 7:05,-6.5,4 1 2 1 4,660,4 2 2 2
8/26/2015 8:05,-0.1,4 1 2 1 1,661,4 2 2 2
8/26/2015 9:05,4.2,1 1 2 1 1,662,4 2 2 2
8/26/2015 10:05,-0.1,4 1 2 1 1,663,4 2 2 2
8/26/2015 12:05,0.3,1 1 2 1 1,665,4 2 2 2
8/26/2015 13:05,-2.4,4 1 2 1 1,666,4 2 2 2
8/26/2015 14:05,-1.1,4 1 2 1 1,667,4 2 2 2
8/26/2015 15:05,-4.1,4 1 2 1 1,668,4 2 2 2
8/26/2015 16:05,-2.6,4 1 2 1 1,669,4 2 2 2
8/26/2015 17:05,0.6,1 1 2 1 1,670,4 2 2 2
8/26/2015 18:05,-1.4,4 1 2 1 1,671,4 2 2 2
8/26/2015 20:05,-7,4 1 2 1 4,673,4 2 2 2
8/26/2015 21:05,-1.6,4 1 2 1 1,674,4 2 2 2
8/26/2015 22:05,-0.9,4 1 2 1 1,675,4 2 2 2
8/26/2015 23:05,0.5,1 1 2 1 1,676,4 2 2 2
8/27/2015 0:05,-1.5,4 1 2 1 1,677,4 2 2 2
8/27/2015 1:05,-7.8,4 1 2 1 4,678,4 2 2 2
8/27/2015 2:05,0.3,1 1 2 1 1,679,4 2 2 2
8/27/2015 4:05,-5.4,4 1 2 1 4,681,4 2 2 2
8/27/2015 5:05,-3.4,4 1 2 1 1,682,4 2 2 2
8/27/2015 6:05,-7.5,4 1 2 1 4,683,4 2 2 2
8/27/2015 7:05,0,1 1 2 1 1,684,4 2 2 2
8/27/2015 8:05,-0.9,4 1 2 1 1,685,4 2 2 2
8/27/2015 9:05,-1.4,4 1 2 1 1,686,4 2 2 2
8/27/2015 10:05,-4.2,4 1 2 1 1,687,4 2 2 2
8/27/2015 12:05,-4,4 1 2 1 1,689,4 2 2 2
8/27/2015 13:05,-6.4,4 1 2 1 4,690,4 2 2 2
8/27/2015 14:05,-1.9,4 1 2 1 1,691,4 2 2 2
8/27/2015 15:05,-8.9,4 1 2 1 4,692,4 2 2 2
8/27/2015 16:05,-8.6,4 1 2 1 4,693,4 2 2 2
8/27/2015 17:05,-3.4,4 1 2 1 1,694,4 2 2 2
8/27/2015 18:05,2,1 1 2 1 1,695,4 2 2 2
8/27/2015 20:05,-3.3,4 1 2 1 1,697,4 2 2 2
8/27/2015 21:05,-2,4 1 2 1 1,698,4 2 2 2
8/27/2015 22:05,-3.6,4 1 2 1 1,699,4 2 2 2
8/27/2015 23:05,-1.8,4 1 2 1 1,700,4 2 2 2
8/28/2015 0:05,-0.7,4 1 2 1 1,701,4 2 2 2
8/28/2015 1:05,-4,4 1 2 1 1,702,4 2 2 2
8/28/2015 2:05,-4.1,4 1 2 1 1,703,4 2 2 2
8/28/2015 4:05,-4.1,4 1 2 1 1,705,4 2 2 2
8/28/2015 5:05,-7.9,4 1 2 1 4,706,4 2 2 2
8/28/2015 6:05,-7.4,4 1 2 1 4,707,4 2 2 2
8/28/2015 7:05,-4.6,4 1 2 1 1,708,4 2 2 2
8/28/2015 8:05,-2.3,4 1 2 1 1,709,4 2 2 2
8/28/2015 9:05,-3.8,4 1 2 1 1,710,4 2 2 2
8/28/2015 10:05,-1.8,4 1 2 1 1,711,4 2 2 2
8/28/2015 12:05,-2.5,4 1 2 1 1,713,4 2 2 2
8/28/2015 13:05,-4.3,4 1 2 1 1,714,4 2 2 2
8/28/2015 14:05,-4.8,4 1 2 1 1,715,4 2 2 2
8/28/2015 15:05,-8.7,4 1 2 1 4,716,4 2 2 2
8/28/2015 16:05,-2.6,4 1 2 1 1,717,4 2 2 2
8/28/2015 17:05,-7.7,4 1 2 1 4,718,4 2 2 2
8/28/2015 18:05,-4.1,4 1 2 1 1,719,4 2 2 2
8/28/2015 20:05,-8.3,4 1 2 1 4,721,4 2 2 2
8/28/2015 21:05,0.3,1 1 2 1 1,722,4 2 2 2
8/28/2015 22:05,-1.5,4 1 2 1 1,723,4 2 2 2
8/28/2015 23:05,-4.5,4 1 2 1 1,724,4 2 2 2
8/29/2015 0:05,-4.9,4 1 2 1 1,725,4 2 2 2
8/29/2015 1:05,0.3,1 1 2 1 1,726,4 2 2 2
8/29/2015 2:05,-5,4 1 2 1 1,727,4 2 2 2
8/29/2015 4:05,1.3,1 1 2 1 1,729,4 2 2 2
8/29/2015 5:05,-5.5,4 1 2 1 4,730,4 2 2 2
8/29/2015 6:05,-3.4,4 1 2 1 1,731,4 2 2 2
8/29/2015 7:05,-3.1,4 1 2 1 1,732,4 2 2 2
8/29/2015 8:05,0,1 1 2 1 1,733,4 2 2 2
8/29/2015 9:05,-0.3,4 1 2 1 1,734,4 2 2 2
8/29/2015 10:05,1.6,1 1 2 1 1,735,4 2 2 2
8/29/2015 12:05,-4.6,4 1 2 1 1,737,4 2 2 2
8/29/2015 13:05,-6.6,4 1 2 1 4,738,4 2 2 2
8/29/2015 14:05,0.9,1 1 2 1 1,739,4 2 2 2
8/29/2015 15:05,0,1 1 2 1 1,740,4 2 2 2
8/29/2015 16:05,1,1 1 2 1 1,741,4 2 2 2
8/29/2015 17:05,-4.8,4 1 2 1 1,742,4 2 2 2
8/29/2015 18:05,-3,4 1 2 1 1,743,4 2 2 2
8/29/2015 20:05,-1.8,4 1 2 1 1,745,4 2 2 2
8/29/2015 21:05,-0.5,4 1 2 1 1,746,4 2 2 2
8/29/2015 22:05,-1.6,4 1 2 1 1,747,4 2 2 2
8/29/2015 23:05,-7.4,4 1 2 1 4,748,4 2 2 2
8/30/2015 0:05,1.3,1 1 2 1 1,749,4 2 2 2
8/30/2015 1:05,-0.8,4 1 2 1 1,750,4 2 2 2
8/30/2015 2:05,-3.1,4 1 2 1 1,751,4 2 2 2
8/30/2015 4:05,1.7,1 1 2 1 1,753,4 2 2 2
8/30/2015 5:05,-5,4 1 2 1 1,754,4 2 2 2
8/30/2015 6:05,-2.6,4 1 2 1 1,755,4 2 2 2
8/30/2015 7:05,-0.9,4 1 2 1 1,756,4 2 2 2
8/30/2015 8:05,-8.5,4 1 2 1 4,757,4 2 2 2
8/30/2015 9:05,-5.3,4 1 2 1 4,758,4 2 2 2
8/30/2015 10:05,-1.3,4 1 2 1 1,759,4 2 2 2
8/30/2015 12:05,-4.7,4 1 2 1 1,761,4 2 2 2
8/30/2015 13:05,-7.1,4 1 2 1 4,762,4 2 2 2
8/30/2015 14:05,-0.9,4 1 2 1 1,763,4 2 2 2
8/30/2015 15:05,-0.7,4 1 2 1 1,764,4 2 2 2
8/30/2015 16:05,-3.1,4 1 2 1 1,765,4 2 2 2
8/30/2015 17:05,-2.5,4 1 2 1 1,766,4 2 2 2
8/30/2015 18:05,0.9,1 1 2 1 1,767,4 2 2 2
8/30/2015 20:05,-7.4,4 1 2 1 4,769,4 2 2 2
8/30/2015 21:05,-2,4 1 2 1 1,770,4 2 2 2
8/30/2015 22:05,0.1,1 1 2 1 1,771,4 2 2 2
8/30/2015 23:05,-6.8,4 1 2 1 4,772,4 2 2 2
8/31/2015 0:05,-0.4,4 1 2 1 1,773,4 2 2 2
8/31/2015 1:05,1.2,1 1 2 1 1,774,4 2 2 2
8/31/2015 2:05,-5.1,4 1 2 1 4,775,4 2 2 2
8/31/2015 4:05,-0.5,4 1 2 1 1,777,4 2 2 2
8/31/2015 5:05,-4.9,4 1 2 1 1,778,4 2 2 2
8/31/2015 6:05,-4.7,4 1 2 1 1,779,4 2 2 2
8/31/2015 7:05,-0.3,4 1 2 1 1,780,4 2 2 2
8/31/2015 8:05,-5.8,4 1 2 1 4,781,4 2 2 2
8/31/2015 9:05,-1.1,4 1 2 1 1,782,4 2 2 2
8/31/2015 10:05,0.9,1 1 2 1 1,783,4 2 2 2
8/31/2015 12:05,-1.6,4 1 2 1 1,785,4 2 2 2
8/31/2015 13:05,-1.5,4 1 2 1 1,786,4 2 2 2
8/31/2015 14:05,1.6,1 1 2 1 1,787,4 2 2 2
8/31/2015 15:05,-0.3,4 1 2 1 1,788,4 2 2 2
8/31/2015 16:05,-0.9,4 1 2 1 1,789,4 2 2 2
8/31/2015 17:05,-1.9,4 1 2 1 1,790,4 2 2 2
8/31/2015 18:05,-5.9,4 1 2 1 4,791,4 2 2 2
8/31/2015 20:05,-4,4 1 2 1 1,793,4 2 2 2
8/31/2015 21:05,-4,4 1 2 1 1,794,4 2 2 2
8/31/2015 22:05,-2.5,4 1 2 1 1,795,4 2 2 2
8/31/2015 23:05,6.3,1 1 2 1 1,796,4 2 2 2
9/1/2015 0:05,3.6,1 1 2 1 1,797,4 2 2 2
9/1/2015 1:05,-1,4 1 2 1 1,798,4 2 2 2
9/1/2015 2:05,-2.2,4 1 2 1 1,799,4 2 2 2
9/1/2015 4:05,-3.4,4 1 2 1 1,801,4 2 2 2
9/1/2015 5:05,0.4,1 1 2 1 1,802,4 2 2 2
9/1/2015 6:05,1.6,1 1 2 1 1,803,4 2 2 2
9/1/2015 7:05,-1.4,4 1 2 1 1,804,4 2 2 2
9/1/2015 8:05,1.9,1 1 2 1 1,805,4 2 2 2
9/1/2015 9:05,-2.2,4 1 2 1 1,806,4 2 2 2
9/1/2015 10:05,-0.8,4 1 2 1 1,807,4 2 2 2
9/1/2015 12:05,-2.1,4 1 2 1 1,809,4 2 2 2
9/1/2015 13:05,-0.6,4 1 2 1 1,810,4 2 2 2
9/1/2015 14:05,-5.4,4 1 2 1 4,811,4 2 2 2
9/1/2015 15:05,-0.8,4 1 2 1 1,812,4 2 2 2
9/1/2015 16:05,2.9,1 1 2 1 1,813,4 2 2 2
9/1/2015 17:05,0.3,1 1 2 1 1,814,4 2 2 2
9/1/2015 18:05,-1.2,4 1 2 1 1,815,4 2 2 2
9/1/2015 20:05,2.6,1 1 2 1 1,817,4 2 2 2
9/1/2015 21:05,-1,4 1 2 1 1,818,4 2 2 2
9/1/2015 22:05,-2,4 1 2 1 1,819,4 2 2 2
9/1/2015 23:05,1.2,1 1 2 1 1,820,4 2 2 2
9/2/2015 0:05,1.1,1 1 2 1 1,821,4 2 2 2
9/2/2015 1:05,-5.1,4 1 2 1 4,822,4 2 2 2
9/2/2015 2:05,1.4,1 1 2 1 1,823,4 2 2 2
9/2/2015 4:05,-3.1,4 1 2 1 1,825,4 2 2 2
9/2/2015 5:05,-5.8,4 1 2 1 4,826,4 2 2 2
9/2/2015 6:05,-3.1,4 1 2 1 1,827,4 2 2 2
9/2/2015 7:05,-1.2,4 1 2 1 1,828,4 2 2 2
9/2/2015 8:05,0.6,1 1 2 1 1,829,4 2 2 2
9/2/2015 9:05,11.5,1 1 2 1 1,830,4 2 2 2
9/2/2015 10:05,-6.9,4 1 2 1 4,831,4 2 2 2
9/2/2015 12:05,-8.8,4 1 2 1 4,833,4 2 2 2
9/2/2015 13:05,-4,4 1 2 1 1,834,4 2 2 2
9/2/2015 14:05,-3.3,4 1 2 1 1,835,4 2 2 2
9/2/2015 15:05,-8.4,4 1 2 1 4,836,4 2 2 2
9/2/2015 16:05,-5.8,4 1 2 1 4,837,4 2 2 2
9/2/2015 17:05,-23.4,4 1 2 1 4,838,4 2 2 2
9/2/2015 18:05,-17.8,4 1 2 1 4,839,4 2 2 2
9/2/2015 20:05,-13.8,4 1 2 1 4,841,4 2 2 2
9/2/2015 21:05,8.2,1 1 2 1 1,842,4 2 2 2
9/2/2015 22:05,2.5,1 1 2 1 1,843,4 2 2 2
9/2/2015 23:05,-35.4,4 3 2 3 4,844,4 2 2 2
9/3/2015 0:05,-4.8,4 1 2 3 1,845,4 2 2 2
9/3/2015 1:05,5.8,1 1 2 1 1,846,4 2 2 2
9/3/2015 2:05,2.9,1 1 2 1 1,847,4 2 2 2
9/3/2015 4:05,8.1,1 1 2 1 1,849,4 2 2 2
9/3/2015 5:05,7.1,1 1 2 1 1,850,4 2 2 2
9/3/2015 6:05,-1.5,4 1 2 1 1,851,4 2 2 2
9/3/2015 7:05,8.3,1 1 2 1 1,852,4 2 2 2
9/3/2015 8:05,-13,4 1 2 1 4,853,4 2 2 2
9/3/2015 9:05,3.1,1 1 2 1 1,854,4 2 2 2
9/3/2015 10:05,1.3,1 1 2 1 1,855,4 2 2 2
9/3/2015 12:05,-10.3,4 1 2 1 4,857,4 2 2 2
9/3/2015 13:05,3.9,1 1 2 1 1,858,4 2 2 2
9/3/2015 14:05,5,1 1 2 1 1,859,4 2 2 2
9/3/2015 15:05,6.2,1 1 2 1 1,860,4 2 2 2
9/3/2015 16:05,9.4,1 1 2 1 1,861,4 2 2 2
9/3/2015 17:05,5.8,1 1 2 1 1,862,4 2 2 2
9/3/2015 18:05,-15.1,4 1 2 1 4,863,4 2 2 2
9/3/2015 20:05,1.6,1 1 2 1 1,865,4 2 2 2
9/3/2015 21:05,-11.6,4 1 2 1 4,866,4 2 2 2
9/3/2015 22:05,-29.9,4 3 2 1 4,867,4 2 2 2
9/3/2015 23:05,-30.6,4 3 2 1 4,868,4 2 2 2
9/4/2015 0:05,-6.2,4 1 2 1 4,869,4 2 2 2
9/4/2015 1:05,-6.7,4 1 2 1 4,870,4 2 2 2
9/4/2015 2:05,-31.5,4 3 2 1 4,871,4 2 2 2
9/4/2015 4:05,-13.9,4 1 2 1 4,873,4 2 2 2
9/4/2015 5:05,-21.3,4 1 2 1 4,874,4 2 2 2
9/4/2015 6:05,-1.4,4 1 2 1 1,875,4 2 2 2
9/4/2015 7:05,-6.2,4 1 2 1 4,876,4 2 2 2
9/4/2015 8:05,-13.4,4 1 2 1 4,877,4 2 2 2
9/4/2015 9:05,-15.7,4 1 2 1 4,878,4 2 2 2
9/4/2015 10:05,-9.8,4 1 2 1 4,879,4 2 2 2
9/4/2015 12:05,-8.8,4 1 2 1 4,881,4 2 2 2
9/4/2015 13:05,-15.5,4 1 2 1 4,882,4 2 2 2
9/4/2015 14:05,-9,4 1 2 1 4,883,4 2 2 2
9/4/2015 15:05,3.6,1 1 2 1 1,884,4 2 2 2
9/4/2015 16:05,-3.6,4 1 2 1 1,885,4 2 2 2
9/4/2015 17:05,-7.8,4 1 2 1 4,886,4 2 2 2
9/4/2015 18:05,-11.5,4 1 2 1 4,887,4 2 2 2
9/4/2015 20:05,-9.4,4 1 2 1 4,889,4 2 2 2
9/4/2015 21:05,-7.8,4 1 2 1 4,890,4 2 2 2
9/4/2015 22:05,-18.3,4 1 2 1 4,891,4 2 2 2
9/4/2015 23:05,-17,4 1 2 1 4,892,4 2 2 2
9/5/2015 0:05,-15.7,4 1 2 1 4,893,4 2 2 2
9/5/2015 1:05,-6.2,4 1 2 1 4,894,4 2 2 2
9/5/2015 2:05,-9.2,4 1 2 1 4,895,4 2 2 2
9/5/2015 4:05,1.3,1 1 2 1 1,897,4 2 2 2
9/5/2015 5:05,-24.6,4 1 2 1 4,898,4 2 2 2
9/5/2015 6:05,-11.9,4 1 2 1 4,899,4 2 2 2
9/5/2015 7:05,3.3,1 1 2 1 1,900,4 2 2 2
9/5/2015 8:05,-4,4 1 2 1 1,901,4 2 2 2
9/5/2015 9:05,-3.6,4 1 2 1 1,902,4 2 2 2
9/5/2015 10:05,-10.7,4 1 2 1 4,903,4 2 2 2
9/5/2015 12:05,-2.1,4 1 2 1 1,905,4 2 2 2
9/5/2015 13:05,0.2,1 1 2 1 1,906,4 2 2 2
9/5/2015 14:05,-1.6,4 1 2 1 1,907,4 2 2 2
9/5/2015 15:05,-15.4,4 1 2 1 4,908,4 2 2 2
9/5/2015 16:05,-5.4,4 1 2 1 4,909,4 2 2 2
9/5/2015 17:05,-5.2,4 1 2 1 4,910,4 2 2 2
9/5/2015 18:05,-18.8,4 1 2 1 4,911,4 2 2 2
9/5/2015 20:05,-6.3,4 1 2 1 4,913,4 2 2 2
9/5/2015 21:05,-3.7,4 1 2 1 1,914,4 2 2 2
9/5/2015 22:05,-6.2,4 1 2 1 4,915,4 2 2 2
9/5/2015 23:05,2,1 1 2 1 1,916,4 2 2 2
9/6/2015 0:05,8.8,1 1 2 1 1,917,4 2 2 2
9/6/2015 1:05,-3.1,4 1 2 1 1,918,4 2 2 2
9/6/2015 2:05,-18.7,4 1 2 1 4,919,4 2 2 2
9/6/2015 4:05,-18,4 1 2 1 4,921,4 2 2 2
9/6/2015 5:05,-8.2,4 1 2 1 4,922,4 2 2 2
9/6/2015 6:05,-15.7,4 1 2 1 4,923,4 2 2 2
9/6/2015 7:05,4.9,1 1 2 1 1,924,4 2 2 2
9/6/2015 8:05,-5.3,4 1 2 1 4,925,4 2 2 2
9/6/2015 9:05,0.3,1 1 2 1 1,926,4 2 2 2
9/6/2015 10:05,-6.2,4 1 2 1 4,927,4 2 2 2
9/6/2015 12:05,2.2,1 1 2 1 1,929,4 2 2 2
9/6/2015 13:05,1.1,1 1 2 1 1,930,4 2 2 2
9/6/2015 14:05,2.2,1 1 2 1 1,931,4 2 2 2
9/6/2015 15:05,-12.3,4 1 2 1 4,932,4 2 2 2
9/6/2015 16:05,-20.5,4 1 2 1 4,933,4 2 2 2
9/6/2015 17:05,-19.3,4 1 2 1 4,934,4 2 2 2
9/6/2015 18:05,-0.5,4 1 2 1 1,935,4 2 2 2
9/6/2015 20:05,-7.2,4 1 2 1 4,937,4 2 2 2
9/6/2015 21:05,-0.6,4 1 2 1 1,938,4 2 2 2
9/6/2015 22:05,-1.7,4 1 2 1 1,939,4 2 2 2
9/6/2015 23:05,-12.3,4 1 2 1 4,940,4 2 2 2
9/7/2015 0:05,10.9,1 1 2 1 1,941,4 2 2 2
9/7/2015 1:05,1.8,1 1 2 1 1,942,4 2 2 2
9/7/2015 2:05,-8,4 1 2 1 4,943,4 2 2 2
9/7/2015 4:05,-9.4,4 1 2 1 4,945,4 2 2 2
9/7/2015 5:05,-4.1,4 1 2 1 1,946,4 2 2 2
9/7/2015 6:05,-10.7,4 1 2 1 4,947,4 2 2 2
9/7/2015 7:05,-4.9,4 1 2 1 1,948,4 2 2 2
9/7/2015 8:05,3.6,1 1 2 1 1,949,4 2 2 2
9/7/2015 9:05,-7.4,4 1 2 1 4,950,4 2 2 2
9/7/2015 10:05,-21.2,4 1 2 1 4,951,4 2 2 2
9/7/2015 12:05,-10.2,4 1 2 1 4,953,4 2 2 2
9/7/2015 13:05,-17.7,4 1 2 1 4,954,4 2 2 2
9/7/2015 14:05,-14.8,4 1 2 1 4,955,4 2 2 2
9/7/2015 15:05,-7.2,4 1 2 1 4,956,4 2 2 2
9/7/2015 16:05,-10.8,4 1 2 1 4,957,4 2 2 2
9/7/2015 17:05,11.1,1 1 2 1 1,958,4 2 2 2
9/7/2015 18:05,-1,4 1 2 1 1,959,4 2 2 2
9/7/2015 20:05,5.3,1 1 2 1 1,961,4 2 2 2
9/7/2015 21:05,-8.3,4 1 2 1 4,962,4 2 2 2
9/7/2015 22:05,-5.3,4 1 2 1 4,963,4 2 2 2
9/7/2015 23:05,-4.4,4 1 2 1 1,964,4 2 2 2
9/8/2015 0:05,-4.9,4 1 2 1 1,965,4 2 2 2
9/8/2015 1:05,-4.1,4 1 2 1 1,966,4 2 2 2
9/8/2015 2:05,-10.7,4 1 2 1 4,967,4 2 2 2
9/8/2015 4:05,-12.9,4 1 2 1 4,969,4 2 2 2
9/8/2015 5:05,-13.8,4 1 2 1 4,970,4 2 2 2
9/8/2015 6:05,-29.6,4 1 2 1 4,971,4 2 2 2
9/8/2015 7:05,-1.1,4 1 2 1 1,972,4 2 2 2
9/8/2015 8:05,-1.4,4 1 2 1 1,973,4 2 2 2
9/8/2015 9:05,-22.6,4 1 2 1 4,974,4 2 2 2
9/8/2015 10:05,0.2,1 1 2 1 1,975,4 2 2 2
9/8/2015 12:05,1.2,1 1 2 1 1,977,4 2 2 2
9/8/2015 13:05,-10.2,4 1 2 1 4,978,4 2 2 2
9/8/2015 14:05,-6.2,4 1 2 1 4,979,4 2 2 2
9/8/2015 15:05,-26.2,4 1 2 1 4,980,4 2 2 2
9/8/2015 16:05,-0.4,4 1 2 1 1,981,4 2 2 2
9/8/2015 17:05,-5.4,4 1 2 1 4,982,4 2 2 2
9/8/2015 18:05,-11.5,4 1 2 1 4,983,4 2 2 2
9/8/2015 20:05,-22.4,4 1 2 1 4,985,4 2 2 2
9/8/2015 21:05,-11.4,4 1 2 1 4,986,4 2 2 2
9/8/2015 22:05,-17.2,4 1 2 1 4,987,4 2 2 2
9/8/2015 23:05,0.4,1 1 2 1 1,988,4 2 2 2
9/9/2015 0:05,-9.2,4 1 2 1 4,989,4 2 2 2
9/9/2015 1:05,-5.7,4 1 2 1 4,990,4 2 2 2
9/9/2015 2:05,1.1,1 1 2 1 1,991,4 2 2 2
9/9/2015 4:05,-14.6,4 1 2 1 4,993,4 2 2 2
9/9/2015 5:05,-0.1,4 1 2 1 1,994,4 2 2 2
9/9/2015 6:05,-10.7,4 1 2 1 4,995,4 2 2 2
9/9/2015 7:05,-4.1,4 1 2 1 1,996,4 2 2 2
9/9/2015 8:05,5.2,1 1 2 1 1,997,4 2 2 2
9/9/2015 9:05,-12.1,4 1 2 1 4,998,4 2 2 2
9/9/2015 10:05,-20.3,4 1 2 1 4,999,4 2 2 2
9/9/2015 12:05,-6.1,4 1 2 1 4,1001,4 2 2 2
9/9/2015 13:05,-2.7,4 1 2 1 1,1002,4 2 2 2
9/9/2015 14:05,6.1,1 1 2 1 1,1003,4 2 2 2
9/9/2015 15:05,-7.5,4 1 2 1 4,1004,4 2 2 2
9/9/2015 16:05,1.3,1 1 2 1 1,1005,4 2 2 2
9/9/2015 17:05,-5.4,4 1 2 1 4,1006,4 2 2 2
9/9/2015 18:05,9.5,1 1 2 1 1,1007,4 2 2 2
9/9/2015 20:05,-3.1,4 1 2 1 1,1009,4 2 2 2
9/9/2015 21:05,-8,4 1 2 1 4,1010,4 2 2 2
9/9/2015 22:05,-23.4,4 1 2 1 4,1011,4 2 2 2
9/9/2015 23:05,0.3,1 1 2 1 1,1012,4 2 2 2
9/10/2015 0:05,11.9,1 1 2 1 1,1013,4 2 2 2
9/10/2015 1:05,-2.8,4 1 2 1 1,1014,4 2 2 2
9/10/2015 2:05,-9.4,4 1 2 1 4,1015,4 2 2 2
9/10/2015 4:05,-5.1,4 1 2 1 4,1017,4 2 2 2
9/10/2015 5:05,-0.9,4 1 2 1 1,1018,4 2 2 2
9/10/2015 6:05,-16.6,4 1 2 1 4,1019,4 2 2 2
9/10/2015 7:05,-20,4 1 2 1 4,1020,4 2 2 2
9/10/2015 8:05,1.4,1 1 2 1 1,1021,4 2 2 2
9/10/2015 9:05,-8.2,4 1 2 1 4,1022,4 2 2 2
9/10/2015 10:05,-6.3,4 1 2 1 4,1023,4 2 2 2
9/10/2015 12:05,-8.4,4 1 2 1 4,1025,4 2 2 2
9/10/2015 13:05,0.3,1 1 2 1 1,1026,4 2 2 2
9/10/2015 14:05,-5.3,4 1 2 1 4,1027,4 2 2 2
9/10/2015 15:05,-23,4 1 2 1 4,1028,4 2 2 2
9/10/2015 16:05,-10.8,4 1 2 1 4,1029,4 2 2 2
9/10/2015 17:05,-5.9,4 1 2 1 4,1030,4 2 2 2
9/10/2015 18:05,-7.5,4 1 2 1 4,1031,4 2 2 2
9/10/2015 20:05,-14.9,4 1 2 1 4,1033,4 2 2 2
9/10/2015 21:05,-41.7,4 3 2 1 4,1034,4 2 2 2
9/10/2015 22:05,-22.4,4 1 2 1 4,1035,4 2 2 2
9/10/2015 23:05,-12.9,4 1 2 1 4,1036,4 2 2 2
9/11/2015 0:05,-10.5,4 1 2 1 4,1037,4 2 2 2
9/11/2015 1:05,15.1,1 1 2 1 1,1038,4 2 2 2
9/11/2015 2:05,-11.6,4 1 2 1 4,1039,4 2 2 2
9/11/2015 4:05,-9.4,4 1 2 1 4,1041,4 2 2 2
9/11/2015 5:05,-18.3,4 1 2 1 4,1042,4 2 2 2
9/11/2015 6:05,0.9,1 1 2 1 1,1043,4 2 2 2
9/11/2015 7:05,-9.2,4 1 2 1 4,1044,4 2 2 2
9/11/2015 8:05,-3.8,4 1 2 1 1,1045,4 2 2 2
9/11/2015 9:05,-8.4,4 1 2 1 4,1046,4 2 2 2
9/11/2015 10:05,-10.4,4 1 2 1 4,1047,4 2 2 2
9/11/2015 12:05,-4.1,4 1 2 1 1,1049,4 2 2 2
9/11/2015 13:05,-10.1,4 1 2 1 4,1050,4 2 2 2
9/11/2015 14:05,-3.5,4 1 2 1 1,1051,4 2 2 2
9/11/2015 15:05,-6.9,4 1 2 1 4,1052,4 2 2 2
9/11/2015 16:05,-4.4,4 1 2 1 1,1053,4 2 2 2
9/11/2015 17:05,57.8,1 1 2 4 1,1054,4 2 2 2
9/11/2015 18:05,-9.7,4 1 2 4 4,1055,4 2 2 2
9/11/2015 20:05,-4.9,4 1 2 1 1,1057,4 2 2 2
9/11/2015 21:05,-6.9,4 1 2 1 4,1058,4 2 2 2
9/11/2015 22:05,-19.2,4 1 2 1 4,1059,4 2 2 2
9/11/2015 23:05,-4.9,4 1 2 1 1,1060,4 2 2 2
9/12/2015 0:05,-16.9,4 1 2 1 4,1061,4 2 2 2
9/12/2015 1:05,6,1 1 2 1 1,1062,4 2 2 2
9/12/2015 2:05,36.9,1 1 2 3 1,1063,4 2 2 2
9/12/2015 4:05,28.7,1 1 2 1 1,1065,4 2 2 2
9/12/2015 5:05,-5.2,4 1 2 3 4,1066,4 2 2 2
9/12/2015 6:05,127.6,1 1 2 4 1,1067,4 2 2 2
9/12/2015 7:05,-7.7,4 1 2 4 4,1068,4 2 2 2
9/12/2015 8:05,3.9,1 1 2 1 1,1069,4 2 2 2
9/12/2015 9:05,-11.4,4 1 2 1 4,1070,4 2 2 2
9/12/2015 10:05,-21.4,4 1 2 1 4,1071,4 2 2 2
9/12/2015 12:05,-16.3,4 1 2 1 4,1073,4 2 2 2
9/12/2015 13:05,15.3,1 1 2 3 1,1074,4 2 2 2
9/12/2015 14:05,-1.8,4 1 2 1 1,1075,4 2 2 2
9/12/2015 15:05,-3.7,4 1 2 1 1,1076,4 2 2 2
9/12/2015 16:05,-9.7,4 1 2 1 4,1077,4 2 2 2
9/12/2015 17:05,-10.8,4 1 2 1 4,1078,4 2 2 2
9/12/2015 18:05,0.7,1 1 2 1 1,1079,4 2 2 2
9/12/2015 20:05,-12.5,4 1 2 1 4,1081,4 2 2 2
9/12/2015 21:05,13.2,1 1 2 1 1,1082,4 2 2 2
9/12/2015 22:05,-27.1,4 1 2 3 4,1083,4 2 2 2
9/12/2015 23:05,-2.6,4 1 2 1 1,1084,4 2 2 2
9/13/2015 0:05,10.6,1 1 2 1 1,1085,4 2 2 2
9/13/2015 1:05,-17.6,4 1 2 1 4,1086,4 2 2 2
9/13/2015 2:05,5,1 1 2 1 1,1087,4 2 2 2
9/13/2015 4:05,-16.6,4 1 2 1 4,1089,4 2 2 2
9/13/2015 5:05,-1.8,4 1 2 1 1,1090,4 2 2 2
9/13/2015 6:05,0.7,1 1 2 1 1,1091,4 2 2 2
9/13/2015 7:05,-10.3,4 1 2 1 4,1092,4 2 2 2
9/13/2015 8:05,-5,4 1 2 1 1,1093,4 2 2 2
9/13/2015 9:05,2,1 1 2 1 1,1094,4 2 2 2
9/13/2015 10:05,-6.5,4 1 2 1 4,1095,4 2 2 2
9/13/2015 12:05,5,1 1 2 1 1,1097,4 2 2 2
9/13/2015 13:05,-1.4,4 1 2 1 1,1098,4 2 2 2
9/13/2015 14:05,0.9,1 1 2 1 1,1099,4 2 2 2
9/13/2015 15:05,-10.5,4 1 2 1 4,1100,4 2 2 2
9/13/2015 16:05,-9.6,4 1 2 1 4,1101,4 2 2 2
9/13/2015 17:05,-9.5,4 1 2 1 4,1102,4 2 2 2
9/13/2015 18:05,-11.9,4 1 2 1 4,1103,4 2 2 2
9/13/2015 20:05,0.7,1 1 2 1 1,1105,4 2 2 2
9/13/2015 21:05,-9,4 1 2 1 4,1106,4 2 2 2
9/13/2015 22:05,-9.3,4 1 2 1 4,1107,4 2 2 2
9/13/2015 23:05,-6.2,4 1 2 1 4,1108,4 2 2 2
9/14/2015 0:05,-3.7,4 1 2 1 1,1109,4 2 2 2
9/14/2015 1:05,-1.2,4 1 2 1 1,1110,4 2 2 2
9/14/2015 2:05,6.5,1 1 2 1 1,1111,4 2 2 2
9/14/2015 4:05,-0.8,4 1 2 1 1,1113,4 2 2 2
9/14/2015 5:05,5.4,1 1 2 1 1,1114,4 2 2 2
9/14/2015 6:05,-1,4 1 2 1 1,1115,4 2 2 2
9/14/2015 7:05,-22.7,4 1 2 1 4,1116,4 2 2 2
9/14/2015 8:05,-9.4,4 1 2 1 4,1117,4 2 2 2
9/14/2015 9:05,-2.1,4 1 2 1 1,1118,4 2 2 2
9/14/2015 10:05,-0.1,4 1 2 1 1,1119,4 2 2 2
9/14/2015 12:05,2.4,1 1 2 1 1,1121,4 2 2 2
9/14/2015 13:05,5.2,1 1 2 1 1,1122,4 2 2 2
9/14/2015 14:05,3,1 1 2 1 1,1123,4 2 2 2
9/14/2015 15:05,-10.2,4 1 2 1 4,1124,4 2 2 2
9/14/2015 16:05,-2.6,4 1 2 1 1,1125,4 2 2 2
9/14/2015 17:05,-4.2,4 1 2 1 1,1126,4 2 2 2
9/14/2015 18:05,8.3,1 1 2 1 1,1127,4 2 2 2
9/14/2015 20:05,-13.5,4 1 2 1 4,1129,4 2 2 2
9/14/2015 21:05,2.2,1 1 2 1 1,1130,4 2 2 2
9/14/2015 22:05,-2.4,4 1 2 1 1,1131,4 2 2 2
9/14/2015 23:05,-0.6,4 1 2 1 1,1132,4 2 2 2
9/15/2015 0:05,-8.5,4 1 2 1 4,1133,4 2 2 2
9/15/2015 1:05,-8.7,4 1 2 1 4,1134,4 2 2 2
9/15/2015 2:05,-4.1,4 1 2 1 1,1135,4 2 2 2
9/15/2015 4:05,-4.5,4 1 2 1 1,1137,4 2 2 2
9/15/2015 5:05,0.2,1 1 2 1 1,1138,4 2 2 2
9/15/2015 6:05,3.1,1 1 2 1 1,1139,4 2 2 2
9/15/2015 7:05,2,1 1 2 1 1,1140,4 2 2 2
9/15/2015 8:05,-4.2,4 1 2 1 1,1141,4 2 2 2
9/15/2015 9:05,1.8,1 1 2 1 1,1142,4 2 2 2
9/15/2015 10:05,3.5,1 1 2 1 1,1143,4 2 2 2
9/15/2015 12:05,9,1 1 2 1 1,1145,4 2 2 2
9/15/2015 13:05,1.7,1 1 2 1 1,1146,4 2 2 2
9/15/2015 14:05,2.1,1 1 2 1 1,1147,4 2 2 2
9/15/2015 15:05,-4.9,4 1 2 1 1,1148,4 2 2 2
9/15/2015 16:05,-4.1,4 1 2 1 1,1149,4 2 2 2
9/15/2015 17:05,7.9,1 1 2 1 1,1150,4 2 2 2
9/15/2015 18:05,0.3,1 1 2 1 1,1151,4 2 2 2
9/15/2015 20:05,-3.8,4 1 2 1 1,1153,4 2 2 2
9/15/2015 21:05,18.3,1 1 2 1 1,1154,4 2 2 2
9/15/2015 22:05,-14.8,4 1 2 1 4,1155,4 2 2 2
9/15/2015 23:05,-7.6,4 1 2 1 4,1156,4 2 2 2
9/16/2015 0:05,2.5,1 1 2 1 1,1157,4 2 2 2
9/16/2015 1:05,0,1 1 2 1 1,1158,4 2 2 2
9/16/2015 2:05,-0.2,4 1 2 1 1,1159,4 2 2 2
9/16/2015 4:05,-4.7,4 1 2 1 1,1161,4 2 2 2
9/16/2015 5:05,5.1,1 1 2 1 1,1162,4 2 2 2
9/16/2015 6:05,10.7,1 1 2 1 1,1163,4 2 2 2
9/16/2015 7:05,-34.4,4 3 2 3 4,1164,4 2 2 2
9/16/2015 8:05,-2.7,4 1 2 3 1,1165,4 2 2 2
9/16/2015 9:05,-3.2,4 1 2 1 1,1166,4 2 2 2
9/16/2015 10:05,0.6,1 1 2 1 1,1167,4 2 2 2
9/16/2015 12:05,-0.3,4 1 2 1 1,1169,4 2 2 2
9/16/2015 13:05,2.7,1 1 2 1 1,1170,4 2 2 2
9/16/2015 14:05,3.5,1 1 2 1 1,1171,4 2 2 2
9/16/2015 15:05,0.1,1 1 2 1 1,1172,4 2 2 2
9/16/2015 16:05,-5.9,4 1 2 1 4,1173,4 2 2 2
9/16/2015 17:05,-7.6,4 1 2 1 4,1174,4 2 2 2
9/16/2015 18:05,-2.6,4 1 2 1 1,1175,4 2 2 2
9/16/2015 20:05,7.5,1 1 2 1 1,1177,4 2 2 2
9/16/2015 21:05,2.9,1 1 2 1 1,1178,4 2 2 2
9/16/2015 22:05,12.3,1 1 2 1 1,1179,4 2 2 2
9/16/2015 23:05,-6.4,4 1 2 1 4,1180,4 2 2 2
9/17/2015 0:05,-34.7,4 3 2 1 4,1181,4 2 2 2
9/17/2015 1:05,5.8,1 1 2 3 1,1182,4 2 2 2
9/17/2015 2:05,-0.9,4 1 2 1 1,1183,4 2 2 2
9/17/2015 4:05,-3.2,4 1 2 1 1,1185,4 2 2 2
9/17/2015 5:05,9.2,1 1 2 1 1,1186,4 2 2 2
9/17/2015 6:05,0.2,1 1 2 1 1,1187,4 2 2 2
9/17/2015 7:05,1.3,1 1 2 1 1,1188,4 2 2 2
9/17/2015 8:05,6.9,1 1 2 1 1,1189,4 2 2 2
9/17/2015 9:05,4.4,1 1 2 1 1,1190,4 2 2 2
9/17/2015 10:05,3.6,1 1 2 1 1,1191,4 2 2 2
9/17/2015 12:05,-7.5,4 1 2 1 4,1193,4 2 2 2
9/17/2015 13:05,4.2,1 1 2 1 1,1194,4 2 2 2
9/17/2015 14:05,6,1 1 2 1 1,1195,4 2 2 2
9/17/2015 15:05,5.2,1 1 2 1 1,1196,4 2 2 2
9/17/2015 16:05,-4.8,4 1 2 1 1,1197,4 2 2 2
9/17/2015 17:05,-1.7,4 1 2 1 1,1198,4 2 2 2
9/17/2015 18:05,2.2,1 1 2 1 1,1199,4 2 2 2
9/17/2015 20:05,-12.4,4 1 2 1 4,1201,4 2 2 2
9/17/2015 21:05,-2.2,4 1 2 1 1,1202,4 2 2 2
9/17/2015 22:05,-5.2,4 1 2 1 4,1203,4 2 2 2
9/17/2015 23:05,0.7,1 1 2 1 1,1204,4 2 2 2
9/18/2015 0:05,-5.5,4 1 2 1 4,1205,4 2 2 2
9/18/2015 1:05,8.3,1 1 2 1 1,1206,4 2 2 2
9/18/2015 2:05,3.8,1 1 2 1 1,1207,4 2 2 2
9/18/2015 4:05,2.4,1 1 2 1 1,1209,4 2 2 2
9/18/2015 5:05,0.9,1 1 2 1 1,1210,4 2 2 2
9/18/2015 6:05,8.6,1 1 2 1 1,1211,4 2 2 2
9/18/2015 7:05,14,1 1 2 1 1,1212,4 2 2 2
9/18/2015 8:05,13,1 1 2 1 1,1213,4 2 2 2
9/18/2015 9:05,5.8,1 1 2 1 1,1214,4 2 2 2
9/18/2015 10:05,7.5,1 1 2 1 1,1215,4 2 2 2
9/18/2015 12:05,2.5,1 1 2 1 1,1217,4 2 2 2
9/18/2015 13:05,8.6,1 1 2 1 1,1218,4 2 2 2
9/18/2015 14:05,12.6,1 1 2 1 1,1219,4 2 2 2
9/18/2015 15:05,0.5,1 1 2 1 1,1220,4 2 2 2
9/18/2015 16:05,0.2,1 1 2 1 1,1221,4 2 2 2
9/18/2015 17:05,-23.7,4 1 2 1 4,1222,4 2 2 2
9/18/2015 18:05,2.3,1 1 2 1 1,1223,4 2 2 2
9/18/2015 20:05,0.2,1 1 2 1 1,1225,4 2 2 2
9/18/2015 21:05,-14.7,4 1 2 1 4,1226,4 2 2 2
9/18/2015 22:05,7.5,1 1 2 1 1,1227,4 2 2 2
9/18/2015 23:05,11.9,1 1 2 1 1,1228,4 2 2 2
9/19/2015 0:05,2.3,1 1 2 1 1,1229,4 2 2 2
9/19/2015 1:05,-5.2,4 1 2 1 4,1230,4 2 2 2
9/19/2015 2:05,-3,4 1 2 1 1,1231,4 2 2 2
9/19/2015 4:05,-9.4,4 1 2 1 4,1233,4 2 2 2
9/19/2015 5:05,6.3,1 1 2 1 1,1234,4 2 2 2
9/19/2015 6:05,1.5,1 1 2 1 1,1235,4 2 2 2
9/19/2015 7:05,-0.5,4 1 2 1 1,1236,4 2 2 2
9/19/2015 8:05,0,1 1 2 1 1,1237,4 2 2 2
9/19/2015 9:05,-0.5,4 1 2 1 1,1238,4 2 2 2
9/19/2015 10:05,180.1,1 3 2 4 1,1239,4 2 2 2
9/19/2015 12:05,-18,4 1 2 4 4,1241,4 2 2 2
9/19/2015 13:05,14.3,1 1 2 3 1,1242,4 2 2 2
9/19/2015 14:05,6.1,1 1 2 1 1,1243,4 2 2 2
9/19/2015 15:05,23.2,1 1 2 1 1,1244,4 2 2 2
9/19/2015 16:05,9.2,1 1 2 1 1,1245,4 2 2 2
9/19/2015 17:05,-12.3,4 1 2 1 4,1246,4 2 2 2
9/19/2015 18:05,9.3,1 1 2 1 1,1247,4 2 2 2
9/19/2015 20:05,14.2,1 1 2 1 1,1249,4 2 2 2
9/19/2015 21:05,0.8,1 1 2 1 1,1250,4 2 2 2
9/19/2015 22:05,-2.7,4 1 2 1 1,1251,4 2 2 2
9/19/2015 23:05,-0.8,4 1 2 1 1,1252,4 2 2 2
9/20/2015 0:05,6.8,1 1 2 1 1,1253,4 2 2 2
9/20/2015 1:05,7.8,1 1 2 1 1,1254,4 2 2 2
9/20/2015 2:05,8.4,1 1 2 1 1,1255,4 2 2 2
9/20/2015 4:05,-9.2,4 1 2 1 4,1257,4 2 2 2
9/20/2015 5:05,5.5,1 1 2 1 1,1258,4 2 2 2
9/20/2015 6:05,32.6,1 1 2 1 1,1259,4 2 2 2
9/20/2015 7:05,6.1,1 1 2 1 1,1260,4 2 2 2
9/20/2015 8:05,-2.4,4 1 2 1 1,1261,4 2 2 2
9/20/2015 9:05,-13.9,4 1 2 1 4,1262,4 2 2 2
9/20/2015 10:05,2.9,1 1 2 1 1,1263,4 2 2 2
9/20/2015 12:05,-2.6,4 1 2 1 1,1265,4 2 2 2
9/20/2015 13:05,6,1 1 2 1 1,1266,4 2 2 2
9/20/2015 14:05,7.6,1 1 2 1 1,1267,4 2 2 2
9/20/2015 15:05,-3.2,4 1 2 1 1,1268,4 2 2 2
9/20/2015 16:05,7.9,1 1 2 1 1,1269,4 2 2 2
9/20/2015 17:05,-0.1,4 1 2 1 1,1270,4 2 2 2
9/20/2015 18:05,-1.4,4 1 2 1 1,1271,4 2 2 2
9/20/2015 20:05,2,1 1 2 1 1,1273,4 2 2 2
9/20/2015 21:05,-1.1,4 1 2 1 1,1274,4 2 2 2
9/20/2015 22:05,21.5,1 1 2 1 1,1275,4 2 2 2
9/20/2015 23:05,2.6,1 1 2 1 1,1276,4 2 2 2
9/21/2015 0:05,-3.6,4 1 2 1 1,1277,4 2 2 2
9/21/2015 1:05,-15.6,4 1 2 1 4,1278,4 2 2 2
9/21/2015 2:05,-5.1,4 1 2 1 4,1279,4 2 2 2
9/21/2015 4:05,13.5,1 1 2 1 1,1281,4 2 2 2
9/21/2015 5:05,1.1,1 1 2 1 1,1282,4 2 2 2
9/21/2015 6:05,-0.6,4 1 2 1 1,1283,4 2 2 2
9/21/2015 7:05,5.9,1 1 2 1 1,1284,4 2 2 2
9/21/2015 8:05,2.5,1 1 2 1 1,1285,4 2 2 2
9/21/2015 9:05,0.2,1 1 2 1 1,1286,4 2 2 2
9/21/2015 10:05,7.7,1 1 2 1 1,1287,4 2 2 2
9/21/2015 12:05,-3.7,4 1 2 1 1,1289,4 2 2 2
9/21/2015 13:05,-3.6,4 1 2 1 1,1290,4 2 2 2
9/21/2015 14:05,1.5,1 1 2 1 1,1291,4 2 2 2
9/21/2015 15:05,9.7,1 1 2 1 1,1292,4 2 2 2
9/21/2015 16:05,-6.7,4 1 2 1 4,1293,4 2 2 2
9/21/2015 17:05,8.1,1 1 2 1 1,1294,4 2 2 2
9/21/2015 18:05,3,1 1 2 1 1,1295,4 2 2 2
9/21/2015 20:05,6.3,1 1 2 1 1,1297,4 2 2 2
9/21/2015 21:05,2.6,1 1 2 1 1,1298,4 2 2 2
9/21/2015 22:05,-1.3,4 1 2 1 1,1299,4 2 2 2
9/21/2015 23:05,5.7,1 1 2 1 1,1300,4 2 2 2
9/22/2015 0:05,-4.8,4 1 2 1 1,1301,4 2 2 2
9/22/2015 1:05,0.9,1 1 2 1 1,1302,4 2 2 2
9/22/2015 2:05,-3.9,4 1 2 1 1,1303,4 2 2 2
9/22/2015 4:05,-3.3,4 1 2 1 1,1305,4 2 2 2
9/22/2015 5:05,-2.9,4 1 2 1 1,1306,4 2 2 2
9/22/2015 6:05,-3.4,4 1 2 1 1,1307,4 2 2 2
9/22/2015 7:05,-1.2,4 1 2 1 1,1308,4 2 2 2
9/22/2015 8:05,-0.9,4 1 2 1 1,1309,4 2 2 2
9/22/2015 9:05,8.5,1 1 2 1 1,1310,4 2 2 2
9/22/2015 10:05,3,1 1 2 1 1,1311,4 2 2 2
9/22/2015 12:05,-7.4,4 1 2 1 4,1313,4 2 2 2
9/22/2015 13:05,3.9,1 1 2 1 1,1314,4 2 2 2
9/22/2015 14:05,4.5,1 1 2 1 1,1315,4 2 2 2
9/22/2015 15:05,10,1 1 2 1 1,1316,4 2 2 2
9/22/2015 16:05,-7.6,4 1 2 1 4,1317,4 2 2 2
9/22/2015 17:05,0.4,1 1 2 1 1,1318,4 2 2 2
9/22/2015 18:05,-1.6,4 1 2 1 1,1319,4 2 2 2
9/22/2015 20:05,-2.8,4 1 2 1 1,1321,4 2 2 2
9/22/2015 21:05,-2,4 1 2 1 1,1322,4 2 2 2
9/22/2015 22:05,12.5,1 1 2 1 1,1323,4 2 2 2
9/22/2015 23:05,2.9,1 1 2 1 1,1324,4 2 2 2
9/23/2015 0:05,-2.7,4 1 2 1 1,1325,4 2 2 2
9/23/2015 1:05,-1.9,4 1 2 1 1,1326,4 2 2 2
9/23/2015 2:05,3,1 1 2 1 1,1327,4 2 2 2
9/23/2015 4:05,11.1,1 1 2 1 1,1329,4 2 2 2
9/23/2015 5:05,1.4,1 1 2 1 1,1330,4 2 2 2
9/23/2015 6:05,-1,4 1 2 1 1,1331,4 2 2 2
9/23/2015 7:05,-0.8,4 1 2 1 1,1332,4 2 2 2
9/23/2015 8:05,5.6,1 1 2 1 1,1333,4 2 2 2
9/23/2015 9:05,-5.7,4 1 2 1 4,1334,4 2 2 2
9/23/2015 10:05,-2.9,4 1 2 1 1,1335,4 2 2 2
9/23/2015 12:05,12.9,1 1 2 1 1,1337,4 2 2 2
9/23/2015 13:05,-9.1,4 1 2 1 4,1338,4 2 2 2
9/23/2015 14:05,9.5,1 1 2 1 1,1339,4 2 2 2
9/23/2015 15:05,-6.3,4 1 2 1 4,1340,4 2 2 2
9/23/2015 16:05,0.2,1 1 2 1 1,1341,4 2 2 2
9/23/2015 17:05,9.9,1 1 2 1 1,1342,4 2 2 2
9/23/2015 18:05,5,1 1 2 1 1,1343,4 2 2 2
9/23/2015 20:05,-2.7,4 1 2 1 1,1345,4 2 2 2
9/23/2015 21:05,-1.9,4 1 2 1 1,1346,4 2 2 2
9/23/2015 22:05,-16.5,4 1 2 1 4,1347,4 2 2 2
9/23/2015 23:05,6.3,1 1 2 1 1,1348,4 2 2 2
9/24/2015 0:05,-2.4,4 1 2 1 1,1349,4 2 2 2
9/24/2015 1:05,-6.2,4 1 2 1 4,1350,4 2 2 2
9/24/2015 2:05,4.1,1 1 2 1 1,1351,4 2 2 2
9/24/2015 4:05,-4,4 1 2 1 1,1353,4 2 2 2
9/24/2015 5:05,-10.7,4 1 2 1 4,1354,4 2 2 2
9/24/2015 6:05,2.4,1 1 2 1 1,1355,4 2 2 2
9/24/2015 7:05,-0.5,4 1 2 1 1,1356,4 2 2 2
9/24/2015 8:05,4.9,1 1 2 1 1,1357,4 2 2 2
9/24/2015 9:05,-2.5,4 1 2 1 1,1358,4 2 2 2
9/24/2015 10:05,1.2,1 1 2 1 1,1359,4 2 2 2
9/24/2015 12:05,1.2,1 1 2 1 1,1361,4 2 2 2
9/24/2015 13:05,3.9,1 1 2 1 1,1362,4 2 2 2
9/24/2015 14:05,7.2,1 1 2 1 1,1363,4 2 2 2
9/24/2015 15:05,-3.4,4 1 2 1 1,1364,4 2 2 2
9/24/2015 16:05,-4.7,4 1 2 1 1,1365,4 2 2 2
9/24/2015 17:05,6.3,1 1 2 1 1,1366,4 2 2 2
9/24/2015 18:05,19.8,1 1 2 1 1,1367,4 2 2 2
9/24/2015 20:05,-2.2,4 1 2 1 1,1369,4 2 2 2
9/24/2015 21:05,-2.6,4 1 2 1 1,1370,4 2 2 2
9/24/2015 22:05,-1,4 1 2 1 1,1371,4 2 2 2
9/24/2015 23:05,4.4,1 1 2 1 1,1372,4 2 2 2
9/25/2015 0:05,7.2,1 1 2 1 1,1373,4 2 2 2
9/25/2015 1:05,3.1,1 1 2 1 1,1374,4 2 2 2
9/25/2015 2:05,5.9,1 1 2 1 1,1375,4 2 2 2
9/25/2015 4:05,-3.4,4 1 2 1 1,1377,4 2 2 2
9/25/2015 5:05,-5,4 1 2 1 1,1378,4 2 2 2
9/25/2015 6:05,-3.7,4 1 2 1 1,1379,4 2 2 2
9/25/2015 7:05,1,1 1 2 1 1,1380,4 2 2 2
9/25/2015 8:05,0.1,1 1 2 1 1,1381,4 2 2 2
9/25/2015 9:05,3.5,1 1 2 1 1,1382,4 2 2 2
9/25/2015 10:05,-1.8,4 1 2 1 1,1383,4 2 2 2
9/25/2015 12:05,8.6,1 1 2 1 1,1385,4 2 2 2
9/25/2015 13:05,3,1 1 2 1 1,1386,4 2 2 2
9/25/2015 14:05,1.6,1 1 2 1 1,1387,4 2 2 2
9/25/2015 15:05,-0.1,4 1 2 1 1,1388,4 2 2 2
9/25/2015 16:05,7.1,1 1 2 1 1,1389,4 2 2 2
9/25/2015 17:05,0.1,1 1 2 1 1,1390,4 2 2 2
9/25/2015 18:05,14.4,1 1 2 1 1,1391,4 2 2 2
9/25/2015 20:05,-6.1,4 1 2 1 4,1393,4 2 2 2
9/25/2015 21:05,10.2,1 1 2 1 1,1394,4 2 2 2
9/25/2015 22:05,-2.4,4 1 2 1 1,1395,4 2 2 2
9/25/2015 23:05,16.6,1 1 2 1 1,1396,4 2 2 2
9/26/2015 0:05,12.9,1 1 2 1 1,1397,4 2 2 2
9/26/2015 1:05,4.9,1 1 2 1 1,1398,4 2 2 2
9/26/2015 2:05,-19.6,4 1 2 1 4,1399,4 2 2 2
9/26/2015 4:05,-3.7,4 1 2 1 1,1401,4 2 2 2
9/26/2015 5:05,11.3,1 1 2 1 1,1402,4 2 2 2
9/26/2015 6:05,4.6,1 1 2 1 1,1403,4 2 2 2
9/26/2015 7:05,4.9,1 1 2 1 1,1404,4 2 2 2
9/26/2015 8:05,-6.3,4 1 2 1 4,1405,4 2 2 2
9/26/2015 9:05,14.7,1 1 2 1 1,1406,4 2 2 2
9/26/2015 10:05,9.3,1 1 2 1 1,1407,4 2 2 2
9/26/2015 12:05,-8.2,4 1 2 1 4,1409,4 2 2 2
9/26/2015 13:05,-7.1,4 1 2 1 4,1410,4 2 2 2
9/26/2015 14:05,-1.5,4 1 2 1 1,1411,4 2 2 2
9/26/2015 15:05,-7.9,4 1 2 1 4,1412,4 2 2 2
9/26/2015 16:05,11.2,1 1 2 1 1,1413,4 2 2 2
9/26/2015 17:05,-44.4,4 3 2 3 4,1414,4 2 2 2
9/26/2015 18:05,3.3,1 1 2 3 1,1415,4 2 2 2
9/26/2015 20:05,-0.5,4 1 2 1 1,1417,4 2 2 2
9/26/2015 21:05,8.5,1 1 2 1 1,1418,4 2 2 2
9/26/2015 22:05,14.5,1 1 2 1 1,1419,4 2 2 2
9/26/2015 23:05,19.8,1 1 2 1 1,1420,4 2 2 2
9/27/2015 0:05,11.2,1 1 2 1 1,1421,4 2 2 2
9/27/2015 1:05,-0.3,4 1 2 1 1,1422,4 2 2 2
9/27/2015 2:05,-5.6,4 1 2 1 4,1423,4 2 2 2
9/27/2015 4:05,6.6,1 1 2 1 1,1425,4 2 2 2
9/27/2015 5:05,-18.3,4 1 2 1 4,1426,4 2 2 2
9/27/2015 6:05,-2.6,4 1 2 1 1,1427,4 2 2 2
9/27/2015 7:05,12.1,1 1 2 1 1,1428,4 2 2 2
9/27/2015 8:05,-2.3,4 1 2 1 1,1429,4 2 2 2
9/27/2015 9:05,-4,4 1 2 1 1,1430,4 2 2 2
9/27/2015 10:05,-2.3,4 1 2 1 1,1431,4 2 2 2
9/27/2015 12:05,-0.2,4 1 2 1 1,1433,4 2 2 2
9/27/2015 13:05,11.3,1 1 2 1 1,1434,4 2 2 2
9/27/2015 14:05,3.4,1 1 2 1 1,1435,4 2 2 2
9/27/2015 15:05,4,1 1 2 1 1,1436,4 2 2 2
9/27/2015 16:05,-1.7,4 1 2 1 1,1437,4 2 2 2
9/27/2015 17:05,9.1,1 1 2 1 1,1438,4 2 2 2
9/27/2015 18:05,4.5,1 1 2 1 1,1439,4 2 2 2
9/27/2015 20:05,1.6,1 1 2 1 1,1441,4 2 2 2
9/27/2015 21:05,-7.4,4 1 2 1 4,1442,4 2 2 2
9/27/2015 22:05,3.9,1 1 2 1 1,1443,4 2 2 2
9/27/2015 23:05,-1.9,4 1 2 1 1,1444,4 2 2 2
9/28/2015 0:05,0.2,1 1 2 1 1,1445,4 2 2 2
9/28/2015 1:05,10.2,1 1 2 1 1,1446,4 2 2 2
9/28/2015 2:05,-16.8,4 1 2 1 4,1447,4 2 2 2
9/28/2015 4:05,1.7,1 1 2 1 1,1449,4 2 2 2
9/28/2015 5:05,4.6,1 1 2 1 1,1450,4 2 2 2
9/28/2015 6:05,0.1,1 1 2 1 1,1451,4 2 2 2
9/28/2015 7:05,2.6,1 1 2 1 1,1452,4 2 2 2
9/28/2015 8:05,6.2,1 1 2 1 1,1453,4 2 2 2
9/28/2015 9:05,-26.3,4 1 2 3 4,1454,4 2 2 2
9/28/2015 10:05,-7.4,4 1 2 1 4,1455,4 2 2 2
9/28/2015 12:05,10.9,1 1 2 1 1,1457,4 2 2 2
9/28/2015 13:05,3.1,1 1 2 1 1,1458,4 2 2 2
9/28/2015 14:05,-1.2,4 1 2 1 1,1459,4 2 2 2
9/28/2015 15:05,-11,4 1 2 1 4,1460,4 2 2 2
9/28/2015 16:05,3.3,1 1 2 1 1,1461,4 2 2 2
9/28/2015 17:05,-19.4,4 1 2 1 4,1462,4 2 2 2
9/28/2015 18:05,-1.3,4 1 2 1 1,1463,4 2 2 2
9/28/2015 20:05,33.1,1 1 2 3 1,1465,4 2 2 2
9/28/2015 21:05,0.1,1 1 2 3 1,1466,4 2 2 2
9/28/2015 22:05,-10.7,4 1 2 1 4,1467,4 2 2 2
9/28/2015 23:05,-1.5,4 1 2 1 1,1468,4 2 2 2
9/29/2015 0:05,-10.7,4 1 2 1 4,1469,4 2 2 2
9/29/2015 1:05,3.9,1 1 2 1 1,1470,4 2 2 2
9/29/2015 2:05,3.2,1 1 2 1 1,1471,4 2 2 2
9/29/2015 4:05,-11.5,4 1 2 1 4,1473,4 2 2 2
9/29/2015 5:05,-1,4 1 2 1 1,1474,4 2 2 2
9/29/2015 6:05,-10.5,4 1 2 1 4,1475,4 2 2 2
9/29/2015 7:05,-12.6,4 1 2 1 4,1476,4 2 2 2
9/29/2015 8:05,18,1 1 2 3 1,1477,4 2 2 2
9/29/2015 9:05,10.3,1 1 2 1 1,1478,4 2 2 2
9/29/2015 10:05,5,1 1 2 1 1,1479,4 2 2 2
9/29/2015 12:05,13.2,1 1 2 1 1,1481,4 2 2 2
9/28/2015 20:42,20.3,1 1 2 1 1,23,4 2 2 2
9/29/2015 20:05,13.1,1 1 2 1 1,1,4 2 2 2
9/29/2015 21:05,13.5,1 1 2 1 1,2,4 2 2 2
9/29/2015 22:05,12.9,1 1 2 1 1,3,4 2 2 2
9/29/2015 23:05,13.5,1 1 2 1 1,4,4 2 2 2
9/30/2015 0:05,12.9,1 1 2 1 1,5,4 2 2 2
9/30/2015 1:05,13.1,1 1 2 1 1,6,4 2 2 2
9/30/2015 2:05,12.5,1 1 2 1 1,7,4 2 2 2
9/30/2015 4:05,13.2,1 1 2 1 1,9,4 2 2 2
9/30/2015 5:05,13.2,1 1 2 1 1,10,4 2 2 2
9/30/2015 6:05,13.3,1 1 2 1 1,11,4 2 2 2
9/30/2015 7:05,13.2,1 1 2 1 1,12,4 2 2 2
9/30/2015 8:05,14.1,1 1 2 1 1,13,4 2 2 2
9/30/2015 9:05,14.8,1 1 2 1 1,14,4 2 2 2
9/30/2015 10:05,14.7,1 1 2 1 1,15,4 2 2 2
9/30/2015 12:05,15.1,1 1 2 1 1,17,4 2 2 2
9/30/2015 13:05,15.2,1 1 2 1 1,18,4 2 2 2
9/30/2015 14:05,16,1 1 2 1 1,19,4 2 2 2
9/30/2015 15:05,15.5,1 1 2 1 1,20,4 2 2 2
9/30/2015 16:05,15.8,1 1 2 1 1,21,4 2 2 2
9/30/2015 17:05,16.6,1 1 2 1 1,22,4 2 2 2
9/30/2015 18:05,15.2,1 1 2 1 1,23,4 2 2 2
9/30/2015 20:05,17.2,1 1 2 1 1,25,4 2 2 2
9/30/2015 21:05,16.7,1 1 2 1 1,26,4 2 2 2
9/30/2015 22:05,17.5,1 1 2 1 1,27,4 2 2 2
9/30/2015 23:05,16.2,1 1 2 1 1,28,4 2 2 2
10/1/2015 0:05,16.5,1 1 2 1 1,29,4 2 2 2
10/1/2015 1:05,18.1,1 1 2 1 1,30,4 2 2 2
10/1/2015 2:05,18.1,1 1 2 1 1,31,4 2 2 2
10/1/2015 4:05,17,1 1 2 1 1,33,4 2 2 2
10/1/2015 5:05,17.3,1 1 2 1 1,34,4 2 2 2
10/1/2015 6:05,17,1 1 2 1 1,35,4 2 2 2
10/1/2015 7:05,17.1,1 1 2 1 1,36,4 2 2 2
10/1/2015 8:05,18.7,1 1 2 1 1,37,4 2 2 2
10/1/2015 9:05,18.5,1 1 2 1 1,38,4 2 2 2
10/1/2015 10:05,18.6,1 1 2 1 1,39,4 2 2 2
10/1/2015 12:05,20.3,1 1 2 1 1,41,4 2 2 2
10/1/2015 13:05,19.1,1 1 2 1 1,42,4 2 2 2
10/1/2015 14:05,20.7,1 1 2 1 1,43,4 2 2 2
10/1/2015 15:05,21,1 1 2 1 1,44,4 2 2 2
10/1/2015 16:05,21.8,1 1 2 1 1,45,4 2 2 2
10/1/2015 17:05,20.9,1 1 2 1 1,46,4 2 2 2
10/1/2015 18:05,22.6,1 1 2 1 1,47,4 2 2 2
10/1/2015 20:05,23.2,1 1 2 1 1,49,4 2 2 2
10/1/2015 21:05,21.6,1 1 2 1 1,50,4 2 2 2
10/1/2015 22:05,22.2,1 1 2 1 1,51,4 2 2 2
10/1/2015 23:05,23.9,1 1 2 1 1,52,4 2 2 2
10/2/2015 0:05,23.1,1 1 2 1 1,53,4 2 2 2
10/2/2015 1:05,23.5,1 1 2 1 1,54,4 2 2 2
10/2/2015 2:05,25.1,1 1 2 1 1,55,4 2 2 2
10/2/2015 4:05,25.6,1 1 2 1 1,57,4 2 2 2
10/2/2015 5:05,27.3,1 1 2 1 1,58,4 2 2 2
10/2/2015 6:05,26.7,1 1 2 1 1,59,4 2 2 2
10/2/2015 7:05,25.9,1 1 2 1 1,60,4 2 2 2
10/2/2015 8:05,24.3,1 1 2 1 1,61,4 2 2 2
10/2/2015 9:05,20.3,1 1 2 1 1,62,4 2 2 2
10/2/2015 10:05,15.2,1 1 2 1 1,63,4 2 2 2
10/2/2015 12:05,-5.3,4 1 2 1 4,65,4 2 2 2
10/2/2015 13:05,-12.8,4 1 2 1 4,66,4 2 2 2
10/2/2015 14:05,-13.7,4 1 2 1 4,67,4 2 2 2
10/2/2015 15:05,-18.6,4 1 2 1 4,68,4 2 2 2
10/2/2015 16:05,-21.3,4 1 2 1 4,69,4 2 2 2
10/2/2015 17:05,-29,4 1 2 1 4,70,4 2 2 2
10/2/2015 18:05,-36.2,4 3 2 1 4,71,4 2 2 2
10/2/2015 20:05,-40.6,4 3 2 1 4,73,4 2 2 2
10/2/2015 21:05,-32,4 3 2 1 4,74,4 2 2 2
10/2/2015 22:05,-25.6,4 1 2 1 4,75,4 2 2 2
10/2/2015 23:05,-31,4 3 2 1 4,76,4 2 2 2
10/3/2015 0:05,-29.8,4 1 2 1 4,77,4 2 2 2
10/3/2015 1:05,-30,4 3 2 1 4,78,4 2 2 2
10/3/2015 2:05,-34,4 3 2 1 4,79,4 2 2 2
10/3/2015 4:05,-36,4 3 2 1 4,81,4 2 2 2
10/3/2015 5:05,-30,4 3 2 1 4,82,4 2 2 2
10/3/2015 6:05,-26.8,4 1 2 1 4,83,4 2 2 2
10/3/2015 7:05,-25.1,4 1 2 1 4,84,4 2 2 2
10/3/2015 8:05,-23.2,4 1 2 1 4,85,4 2 2 2
10/3/2015 9:05,-19.4,4 1 2 1 4,86,4 2 2 2
10/3/2015 10:05,-22.1,4 1 2 1 4,87,4 2 2 2
10/3/2015 12:05,-32.8,4 3 2 1 4,89,4 2 2 2
10/3/2015 13:05,-42.3,4 3 2 1 4,90,4 2 2 2
10/3/2015 14:05,-42.5,4 3 2 1 4,91,4 2 2 2
10/3/2015 15:05,-28.9,4 1 2 1 4,92,4 2 2 2
10/3/2015 16:05,-42.7,4 3 2 1 4,93,4 2 2 2
10/3/2015 17:05,-20,4 1 2 1 4,94,4 2 2 2
10/3/2015 18:05,-12.3,4 1 2 1 4,95,4 2 2 2
10/3/2015 20:05,-9.8,4 1 2 1 4,97,4 2 2 2
10/3/2015 21:05,-14.1,4 1 2 1 4,98,4 2 2 2
10/3/2015 22:05,-12.9,4 1 2 1 4,99,4 2 2 2
10/3/2015 23:05,-10.9,4 1 2 1 4,100,4 2 2 2
10/4/2015 0:05,-8,4 1 2 1 4,101,4 2 2 2
10/4/2015 1:05,-8.5,4 1 2 1 4,102,4 2 2 2
10/4/2015 2:05,-12.8,4 1 2 1 4,103,4 2 2 2
10/4/2015 4:05,-16.7,4 1 2 1 4,105,4 2 2 2
10/4/2015 5:05,-14.1,4 1 2 1 4,106,4 2 2 2
10/4/2015 6:05,-12.3,4 1 2 1 4,107,4 2 2 2
10/4/2015 7:05,-13.4,4 1 2 1 4,108,4 2 2 2
10/4/2015 8:05,-14.6,4 1 2 1 4,109,4 2 2 2
10/4/2015 9:05,-14.8,4 1 2 1 4,110,4 2 2 2
10/4/2015 10:05,-18.4,4 1 2 1 4,111,4 2 2 2
10/4/2015 12:05,-24.1,4 1 2 1 4,113,4 2 2 2
10/4/2015 13:05,-26.3,4 1 2 1 4,114,4 2 2 2
10/4/2015 14:05,-20.5,4 1 2 1 4,115,4 2 2 2
10/4/2015 15:05,-20.2,4 1 2 1 4,116,4 2 2 2
10/4/2015 16:05,-15.7,4 1 2 1 4,117,4 2 2 2
10/4/2015 17:05,-22.1,4 1 2 1 4,118,4 2 2 2
10/4/2015 18:05,-21.9,4 1 2 1 4,119,4 2 2 2
10/4/2015 20:05,-26.3,4 1 2 1 4,121,4 2 2 2
10/4/2015 21:05,-27.7,4 1 2 1 4,122,4 2 2 2
10/4/2015 22:05,-26.3,4 1 2 1 4,123,4 2 2 2
10/4/2015 23:05,-28.5,4 1 2 1 4,124,4 2 2 2
10/5/2015 0:05,-28.5,4 1 2 1 4,125,4 2 2 2
10/5/2015 1:05,-27.6,4 1 2 1 4,126,4 2 2 2
10/5/2015 2:05,-29.1,4 1 2 1 4,127,4 2 2 2
10/5/2015 4:05,-32.7,4 3 2 1 4,129,4 2 2 2
10/5/2015 5:05,-39.6,4 3 2 1 4,130,4 2 2 2
10/5/2015 6:05,-41.9,4 3 2 1 4,131,4 2 2 2
10/5/2015 7:05,-40.2,4 3 2 1 4,132,4 2 2 2
10/5/2015 8:05,-46,4 3 2 1 4,133,4 2 2 2
10/5/2015 9:05,-44,4 3 2 1 4,134,4 2 2 2
10/5/2015 10:05,-42.9,4 3 2 1 4,135,4 2 2 2
10/5/2015 12:05,-40.4,4 3 2 1 4,137,4 2 2 2
10/5/2015 13:05,-16.7,4 1 2 1 4,138,4 2 2 2
10/5/2015 14:05,-14.1,4 1 2 1 4,139,4 2 2 2
10/5/2015 15:05,-24.4,4 1 2 1 4,140,4 2 2 2
10/5/2015 16:05,-16.1,4 1 2 1 4,141,4 2 2 2
10/5/2015 17:05,-27.5,4 1 2 1 4,142,4 2 2 2
10/5/2015 18:05,-23.5,4 1 2 1 4,143,4 2 2 2
10/5/2015 20:05,-16.2,4 1 2 1 4,145,4 2 2 2
10/5/2015 21:05,-8.8,4 1 2 1 4,146,4 2 2 2
10/5/2015 22:05,-23.7,4 1 2 1 4,147,4 2 2 2
10/5/2015 23:05,-19,4 1 2 1 4,148,4 2 2 2
10/6/2015 0:05,-7.2,4 1 2 1 4,149,4 2 2 2
10/6/2015 1:05,-0.4,4 1 2 1 1,150,4 2 2 2
10/6/2015 2:05,-0.5,4 1 2 1 1,151,4 2 2 2
10/6/2015 4:05,2.4,1 1 2 1 1,153,4 2 2 2
10/6/2015 5:05,1.1,1 1 2 1 1,154,4 2 2 2
10/6/2015 6:05,2,1 1 2 1 1,155,4 2 2 2
10/6/2015 7:05,-0.2,4 1 2 1 1,156,4 2 2 2
10/6/2015 8:05,-2,4 1 2 1 1,157,4 2 2 2
10/6/2015 9:05,-0.5,4 1 2 1 1,158,4 2 2 2
10/6/2015 10:05,-6.3,4 1 2 1 4,159,4 2 2 2
10/6/2015 12:05,-1.7,4 1 2 1 1,161,4 2 2 2
10/6/2015 13:05,-27,4 1 2 1 4,162,4 2 2 2
10/6/2015 14:05,-2.7,4 1 2 1 1,163,4 2 2 2
10/6/2015 15:05,-0.5,4 1 2 1 1,164,4 2 2 2
10/6/2015 16:05,-0.1,4 1 2 1 1,165,4 2 2 2
10/6/2015 17:05,-5.9,4 1 2 1 4,166,4 2 2 2
10/6/2015 18:05,-2.9,4 1 2 1 1,167,4 2 2 2
10/6/2015 20:05,-4.9,4 1 2 1 1,169,4 2 2 2
10/6/2015 21:05,1.2,1 1 2 1 1,170,4 2 2 2
10/6/2015 22:05,-0.1,4 1 2 1 1,171,4 2 2 2
10/6/2015 23:05,-4.7,4 1 2 1 1,172,4 2 2 2
10/7/2015 0:05,2.4,1 1 2 1 1,173,4 2 2 2
10/7/2015 1:05,-5.1,4 1 2 1 4,174,4 2 2 2
10/7/2015 2:05,-0.4,4 1 2 1 1,175,4 2 2 2
10/7/2015 4:05,-3,4 1 2 1 1,177,4 2 2 2
10/7/2015 5:05,-3.2,4 1 2 1 1,178,4 2 2 2
10/7/2015 6:05,-2,4 1 2 1 1,179,4 2 2 2
10/7/2015 7:05,-7,4 1 2 1 4,180,4 2 2 2
10/7/2015 8:05,-2.5,4 1 2 1 1,181,4 2 2 2
10/7/2015 9:05,-16.4,4 1 2 1 4,182,4 2 2 2
10/7/2015 10:05,-4,4 1 2 1 1,183,4 2 2 2
10/7/2015 12:05,1.8,1 1 2 1 1,185,4 2 2 2
10/7/2015 13:05,0.7,1 1 2 1 1,186,4 2 2 2
10/7/2015 14:05,-2.1,4 1 2 1 1,187,4 2 2 2
10/7/2015 15:05,-5.5,4 1 2 1 4,188,4 2 2 2
10/7/2015 16:05,0,1 1 2 1 1,189,4 2 2 2
10/7/2015 17:05,3.7,1 1 2 1 1,190,4 2 2 2
10/7/2015 18:05,-5.8,4 1 2 1 4,191,4 2 2 2
10/7/2015 20:05,-0.5,4 1 2 1 1,193,4 2 2 2
10/7/2015 21:05,-9,4 1 2 1 4,194,4 2 2 2
10/7/2015 22:05,-1.6,4 1 2 1 1,195,4 2 2 2
10/7/2015 23:05,-5.5,4 1 2 1 4,196,4 2 2 2
10/8/2015 0:05,-6.2,4 1 2 1 4,197,4 2 2 2
10/8/2015 1:05,6.4,1 1 2 1 1,198,4 2 2 2
10/8/2015 2:05,1.1,1 1 2 1 1,199,4 2 2 2
10/8/2015 4:05,8.9,1 1 2 1 1,201,4 2 2 2
10/8/2015 5:05,5.3,1 1 2 1 1,202,4 2 2 2
10/8/2015 6:05,-2.8,4 1 2 1 1,203,4 2 2 2
10/8/2015 7:05,-1.6,4 1 2 1 1,204,4 2 2 2
10/8/2015 8:05,1.1,1 1 2 1 1,205,4 2 2 2
10/8/2015 9:05,-9.9,4 1 2 1 4,206,4 2 2 2
10/8/2015 10:05,-1.4,4 1 2 1 1,207,4 2 2 2
10/8/2015 12:05,-2.2,4 1 2 1 1,209,4 2 2 2
10/8/2015 13:05,-3.1,4 1 2 1 1,210,4 2 2 2
10/8/2015 14:05,-7.6,4 1 2 1 4,211,4 2 2 2
10/8/2015 15:05,-8.2,4 1 2 1 4,212,4 2 2 2
10/8/2015 16:05,-1.8,4 1 2 1 1,213,4 2 2 2
10/8/2015 17:05,-4.1,4 1 2 1 1,214,4 2 2 2
10/8/2015 18:05,-12.1,4 1 2 1 4,215,4 2 2 2
10/8/2015 20:05,-10.2,4 1 2 1 4,217,4 2 2 2
10/8/2015 21:05,-4.9,4 1 2 1 1,218,4 2 2 2
10/8/2015 22:05,-6.3,4 1 2 1 4,219,4 2 2 2
10/8/2015 23:05,-3.7,4 1 2 1 1,220,4 2 2 2
10/9/2015 0:05,-8.2,4 1 2 1 4,221,4 2 2 2
10/9/2015 1:05,-6.9,4 1 2 1 4,222,4 2 2 2
10/9/2015 2:05,-6.8,4 1 2 1 4,223,4 2 2 2
10/9/2015 4:05,-5.3,4 1 2 1 4,225,4 2 2 2
10/9/2015 5:05,-6.7,4 1 2 1 4,226,4 2 2 2
10/9/2015 6:05,-0.5,4 1 2 1 1,227,4 2 2 2
10/9/2015 7:05,-2,4 1 2 1 1,228,4 2 2 2
10/9/2015 8:05,-3.4,4 1 2 1 1,229,4 2 2 2
10/9/2015 9:05,-3.1,4 1 2 1 1,230,4 2 2 2
10/9/2015 10:05,-4.7,4 1 2 1 1,231,4 2 2 2
10/9/2015 12:05,-12.5,4 1 2 1 4,233,4 2 2 2
10/9/2015 13:05,-8.4,4 1 2 1 4,234,4 2 2 2
10/9/2015 14:05,-3.2,4 1 2 1 1,235,4 2 2 2
10/9/2015 15:05,-0.3,4 1 2 1 1,236,4 2 2 2
10/9/2015 16:05,2.8,1 1 2 1 1,237,4 2 2 2
10/9/2015 17:05,1.3,1 1 2 1 1,238,4 2 2 2
10/9/2015 18:05,-5.2,4 1 2 1 4,239,4 2 2 2
10/9/2015 20:05,-7.1,4 1 2 1 4,241,4 2 2 2
10/9/2015 21:05,-1.9,4 1 2 1 1,242,4 2 2 2
10/9/2015 22:05,-11.5,4 1 2 1 4,243,4 2 2 2
10/9/2015 23:05,-2.3,4 1 2 1 1,244,4 2 2 2
10/10/2015 0:05,-9.3,4 1 2 1 4,245,4 2 2 2
10/10/2015 1:05,-4.9,4 1 2 1 1,246,4 2 2 2
10/10/2015 2:05,-1.9,4 1 2 1 1,247,4 2 2 2
10/10/2015 4:05,-4.3,4 1 2 1 1,249,4 2 2 2
10/10/2015 5:05,-5,4 1 2 1 1,250,4 2 2 2
10/10/2015 6:05,-18.6,4 1 2 1 4,251,4 2 2 2
10/10/2015 7:05,1.2,1 1 2 1 1,252,4 2 2 2
10/10/2015 8:05,-15.3,4 1 2 1 4,253,4 2 2 2
10/10/2015 9:05,-5.4,4 1 2 1 4,254,4 2 2 2
10/10/2015 10:05,-8.8,4 1 2 1 4,255,4 2 2 2
10/10/2015 12:05,-9.6,4 1 2 1 4,257,4 2 2 2
10/10/2015 13:05,-5.1,4 1 2 1 4,258,4 2 2 2
10/10/2015 14:05,-1.9,4 1 2 1 1,259,4 2 2 2
10/10/2015 15:05,-5.7,4 1 2 1 4,260,4 2 2 2
10/10/2015 16:05,-19.6,4 1 2 1 4,261,4 2 2 2
10/10/2015 17:05,-8.3,4 1 2 1 4,262,4 2 2 2
10/10/2015 18:05,-9.1,4 1 2 1 4,263,4 2 2 2
10/10/2015 20:05,-6.7,4 1 2 1 4,265,4 2 2 2
10/10/2015 21:05,-10.8,4 1 2 1 4,266,4 2 2 2
10/10/2015 22:05,-11,4 1 2 1 4,267,4 2 2 2
10/10/2015 23:05,-23.1,4 1 2 1 4,268,4 2 2 2
10/11/2015 0:05,-4.1,4 1 2 1 1,269,4 2 2 2
10/11/2015 1:05,-7.5,4 1 2 1 4,270,4 2 2 2
10/11/2015 2:05,-9.1,4 1 2 1 4,271,4 2 2 2
10/11/2015 4:05,-4.2,4 1 2 1 1,273,4 2 2 2
10/11/2015 5:05,1.1,1 1 2 1 1,274,4 2 2 2
10/11/2015 6:05,-3.8,4 1 2 1 1,275,4 2 2 2
10/11/2015 7:05,-2.3,4 1 2 1 1,276,4 2 2 2
10/11/2015 8:05,3.3,1 1 2 1 1,277,4 2 2 2
10/11/2015 9:05,-5.4,4 1 2 1 4,278,4 2 2 2
10/11/2015 10:05,0.2,1 1 2 1 1,279,4 2 2 2
10/11/2015 12:05,-3.7,4 1 2 1 1,281,4 2 2 2
10/11/2015 13:05,-2.8,4 1 2 1 1,282,4 2 2 2
10/11/2015 14:05,-3.1,4 1 2 1 1,283,4 2 2 2
10/11/2015 15:05,3.3,1 1 2 1 1,284,4 2 2 2
10/11/2015 16:05,-9.4,4 1 2 1 4,285,4 2 2 2
10/11/2015 17:05,-0.8,4 1 2 1 1,286,4 2 2 2
10/11/2015 18:05,-20.8,4 1 2 1 4,287,4 2 2 2
10/11/2015 20:05,-5,4 1 2 1 1,289,4 2 2 2
10/11/2015 21:05,-17.8,4 1 2 1 4,290,4 2 2 2
10/11/2015 22:05,-2,4 1 2 1 1,291,4 2 2 2
10/11/2015 23:05,-9.3,4 1 2 1 4,292,4 2 2 2
10/12/2015 0:05,-18.1,4 1 2 1 4,293,4 2 2 2
10/12/2015 1:05,-12.7,4 1 2 1 4,294,4 2 2 2
10/12/2015 2:05,-17.5,4 1 2 1 4,295,4 2 2 2
10/12/2015 4:05,-5.1,4 1 2 1 4,297,4 2 2 2
10/12/2015 5:05,-8.2,4 1 2 1 4,298,4 2 2 2
10/12/2015 6:05,-3.8,4 1 2 1 1,299,4 2 2 2
10/12/2015 7:05,-2.7,4 1 2 1 1,300,4 2 2 2
10/12/2015 8:05,-4.3,4 1 2 1 1,301,4 2 2 2
10/12/2015 9:05,-1.3,4 1 2 1 1,302,4 2 2 2
10/12/2015 10:05,-2.7,4 1 2 1 1,303,4 2 2 2
10/12/2015 12:05,3,1 1 2 1 1,305,4 2 2 2
10/12/2015 13:05,-5.8,4 1 2 1 4,306,4 2 2 2
10/12/2015 14:05,-6.9,4 1 2 1 4,307,4 2 2 2
10/12/2015 15:05,-9.2,4 1 2 1 4,308,4 2 2 2
10/12/2015 16:05,-8.1,4 1 2 1 4,309,4 2 2 2
10/12/2015 17:05,-18.2,4 1 2 1 4,310,4 2 2 2
10/12/2015 18:05,-15.8,4 1 2 1 4,311,4 2 2 2
10/12/2015 20:05,0,1 1 2 1 1,313,4 2 2 2
10/12/2015 21:05,-12.7,4 1 2 1 4,314,4 2 2 2
10/12/2015 22:05,-12.5,4 1 2 1 4,315,4 2 2 2
10/12/2015 23:05,-12.1,4 1 2 1 4,316,4 2 2 2
10/13/2015 0:05,-13,4 1 2 1 4,317,4 2 2 2
10/13/2015 1:05,-13.7,4 1 2 1 4,318,4 2 2 2
10/13/2015 2:05,-10,4 1 2 1 4,319,4 2 2 2
10/13/2015 4:05,15.1,1 1 2 1 1,321,4 2 2 2
10/13/2015 5:05,5.3,1 1 2 1 1,322,4 2 2 2
10/13/2015 6:05,1.7,1 1 2 1 1,323,4 2 2 2
10/13/2015 7:05,-6.9,4 1 2 1 4,324,4 2 2 2
10/13/2015 8:05,-3.4,4 1 2 1 1,325,4 2 2 2
10/13/2015 9:05,-0.9,4 1 2 1 1,326,4 2 2 2
10/13/2015 10:05,-8.1,4 1 2 1 4,327,4 2 2 2
10/13/2015 12:05,-4.7,4 1 2 1 1,329,4 2 2 2
10/13/2015 13:05,1.6,1 1 2 1 1,330,4 2 2 2
10/13/2015 14:05,0.4,1 1 2 1 1,331,4 2 2 2
10/13/2015 15:05,-8.3,4 1 2 1 4,332,4 2 2 2
10/13/2015 16:05,-7.4,4 1 2 1 4,333,4 2 2 2
10/13/2015 17:05,-2.2,4 1 2 1 1,334,4 2 2 2
10/13/2015 18:05,-42.5,4 3 2 3 4,335,4 2 2 2
10/13/2015 20:05,-4.4,4 1 2 3 1,337,4 2 2 2
10/13/2015 21:05,3.7,1 1 2 1 1,338,4 2 2 2
10/13/2015 22:05,-12.7,4 1 2 1 4,339,4 2 2 2
10/13/2015 23:05,4.3,1 1 2 1 1,340,4 2 2 2
10/14/2015 0:05,-7.3,4 1 2 1 4,341,4 2 2 2
10/14/2015 1:05,-5.4,4 1 2 1 4,342,4 2 2 2
10/14/2015 2:05,-5,4 1 2 1 1,343,4 2 2 2
10/14/2015 4:05,-13,4 1 2 1 4,345,4 2 2 2
10/14/2015 5:05,-8.1,4 1 2 1 4,346,4 2 2 2
10/14/2015 6:05,-5.3,4 1 2 1 4,347,4 2 2 2
10/14/2015 7:05,-8.1,4 1 2 1 4,348,4 2 2 2
10/14/2015 8:05,-13,4 1 2 1 4,349,4 2 2 2
10/14/2015 9:05,-7.5,4 1 2 1 4,350,4 2 2 2
10/14/2015 10:05,-12.4,4 1 2 1 4,351,4 2 2 2
10/14/2015 12:05,-5.1,4 1 2 1 4,353,4 2 2 2
10/14/2015 13:05,-9.6,4 1 2 1 4,354,4 2 2 2
10/14/2015 14:05,-14.1,4 1 2 1 4,355,4 2 2 2
10/14/2015 15:05,-26,4 1 2 1 4,356,4 2 2 2
10/14/2015 16:05,-20.6,4 1 2 1 4,357,4 2 2 2
10/14/2015 17:05,-1.4,4 1 2 1 1,358,4 2 2 2
10/14/2015 18:05,-8.3,4 1 2 1 4,359,4 2 2 2
10/14/2015 20:05,-14.2,4 1 2 1 4,361,4 2 2 2
10/14/2015 21:05,-9.7,4 1 2 1 4,362,4 2 2 2
10/14/2015 22:05,-7.5,4 1 2 1 4,363,4 2 2 2
10/14/2015 23:05,0.2,1 1 2 1 1,364,4 2 2 2
10/15/2015 0:05,-15.5,4 1 2 1 4,365,4 2 2 2
10/15/2015 1:05,-12.9,4 1 2 1 4,366,4 2 2 2
10/15/2015 2:05,-3.5,4 1 2 1 1,367,4 2 2 2
10/15/2015 4:05,-7.6,4 1 2 1 4,369,4 2 2 2
10/15/2015 5:05,-3.9,4 1 2 1 1,370,4 2 2 2
10/15/2015 6:05,-14.8,4 1 2 1 4,371,4 2 2 2
10/15/2015 7:05,-14.5,4 1 2 1 4,372,4 2 2 2
10/15/2015 8:05,0.4,1 1 2 1 1,373,4 2 2 2
10/15/2015 9:05,-22.5,4 1 2 1 4,374,4 2 2 2
10/15/2015 10:05,-4.2,4 1 2 1 1,375,4 2 2 2
10/15/2015 12:05,-3.9,4 1 2 1 1,377,4 2 2 2
10/15/2015 13:05,-7.8,4 1 2 1 4,378,4 2 2 2
10/15/2015 14:05,2.3,1 1 2 1 1,379,4 2 2 2
10/15/2015 15:05,-14.1,4 1 2 1 4,380,4 2 2 2
10/15/2015 16:05,-16.3,4 1 2 1 4,381,4 2 2 2
10/15/2015 17:05,-11.2,4 1 2 1 4,382,4 2 2 2
10/15/2015 18:05,-4.7,4 1 2 1 1,383,4 2 2 2
10/15/2015 20:05,-14,4 1 2 1 4,385,4 2 2 2
10/15/2015 21:05,-50.9,4 3 2 3 4,386,4 2 2 2
10/15/2015 22:05,-1,4 1 2 3 1,387,4 2 2 2
10/15/2015 23:05,15.2,1 1 2 1 1,388,4 2 2 2
10/16/2015 0:05,-8.6,4 1 2 1 4,389,4 2 2 2
10/16/2015 1:05,-9.1,4 1 2 1 4,390,4 2 2 2
10/16/2015 2:05,14.7,1 1 2 1 1,391,4 2 2 2
10/16/2015 4:05,-5.3,4 1 2 1 4,393,4 2 2 2
10/16/2015 5:05,-33.7,4 3 2 1 4,394,4 2 2 2
10/16/2015 6:05,-11.3,4 1 2 1 4,395,4 2 2 2
10/16/2015 7:05,-13,4 1 2 1 4,396,4 2 2 2
10/16/2015 8:05,-6.8,4 1 2 1 4,397,4 2 2 2
10/16/2015 9:05,0.7,1 1 2 1 1,398,4 2 2 2
10/16/2015 10:05,-36.6,4 3 2 3 4,399,4 2 2 2
10/16/2015 12:05,-14.3,4 1 2 1 4,401,4 2 2 2
10/16/2015 13:05,-29.8,4 1 2 1 4,402,4 2 2 2
10/16/2015 14:05,-21.7,4 1 2 1 4,403,4 2 2 2
10/16/2015 15:05,-37.7,4 3 2 1 4,404,4 2 2 2
10/16/2015 16:05,-17.4,4 1 2 1 4,405,4 2 2 2
10/16/2015 17:05,-8.2,4 1 2 1 4,406,4 2 2 2
10/16/2015 18:05,-3.9,4 1 2 1 1,407,4 2 2 2
10/16/2015 20:05,-15.6,4 1 2 1 4,409,4 2 2 2
10/16/2015 21:05,-2.9,4 1 2 1 1,410,4 2 2 2
10/16/2015 22:05,-15.1,4 1 2 1 4,411,4 2 2 2
10/16/2015 23:05,0.4,1 1 2 1 1,412,4 2 2 2
10/17/2015 0:05,-3.1,4 1 2 1 1,413,4 2 2 2
10/17/2015 1:05,38.7,1 1 2 3 1,414,4 2 2 2
10/17/2015 2:05,13.6,1 1 2 1 1,415,4 2 2 2
10/17/2015 4:05,-7.6,4 1 2 1 4,417,4 2 2 2
10/17/2015 5:05,-48.5,4 3 2 3 4,418,4 2 2 2
10/17/2015 6:05,-15.8,4 1 2 3 4,419,4 2 2 2
10/17/2015 7:05,-11,4 1 2 1 4,420,4 2 2 2
10/17/2015 8:05,-22.3,4 1 2 1 4,421,4 2 2 2
10/17/2015 9:05,-15.1,4 1 2 1 4,422,4 2 2 2
10/17/2015 10:05,-12.1,4 1 2 1 4,423,4 2 2 2
10/17/2015 12:05,-15.9,4 1 2 1 4,425,4 2 2 2
10/17/2015 13:05,-17.7,4 1 2 1 4,426,4 2 2 2
10/17/2015 14:05,-11.3,4 1 2 1 4,427,4 2 2 2
10/17/2015 15:05,-13.4,4 1 2 1 4,428,4 2 2 2
10/17/2015 16:05,-32.7,4 3 2 1 4,429,4 2 2 2
10/17/2015 17:05,-13.7,4 1 2 1 4,430,4 2 2 2
10/17/2015 18:05,-16.2,4 1 2 1 4,431,4 2 2 2
10/17/2015 20:05,-15.6,4 1 2 1 4,433,4 2 2 2
10/17/2015 21:05,1.6,1 1 2 1 1,434,4 2 2 2
10/17/2015 22:05,-16.4,4 1 2 1 4,435,4 2 2 2
10/17/2015 23:05,-53.3,4 3 2 3 4,436,4 2 2 2
10/18/2015 0:05,-22.7,4 1 2 3 4,437,4 2 2 2
10/18/2015 1:05,-16.8,4 1 2 1 4,438,4 2 2 2
10/18/2015 2:05,0.8,1 1 2 1 1,439,4 2 2 2
10/18/2015 4:05,-36.1,4 3 2 3 4,441,4 2 2 2
10/18/2015 5:05,-6.6,4 1 2 3 4,442,4 2 2 2
10/18/2015 6:05,-22.5,4 1 2 1 4,443,4 2 2 2
10/18/2015 7:05,-27.5,4 1 2 1 4,444,4 2 2 2
10/18/2015 8:05,-10.1,4 1 2 1 4,445,4 2 2 2
10/18/2015 9:05,-14,4 1 2 1 4,446,4 2 2 2
10/18/2015 10:05,-23.4,4 1 2 1 4,447,4 2 2 2
10/18/2015 12:05,-18.7,4 1 2 1 4,449,4 2 2 2
10/18/2015 13:05,-8.4,4 1 2 1 4,450,4 2 2 2
10/18/2015 14:05,-11.3,4 1 2 1 4,451,4 2 2 2
10/18/2015 15:05,-11.7,4 1 2 1 4,452,4 2 2 2
10/18/2015 16:05,-18.1,4 1 2 1 4,453,4 2 2 2
10/18/2015 17:05,-19.4,4 1 2 1 4,454,4 2 2 2
10/18/2015 18:05,-10.5,4 1 2 1 4,455,4 2 2 2
10/18/2015 20:05,-9.1,4 1 2 1 4,457,4 2 2 2
10/18/2015 21:05,-15.2,4 1 2 1 4,458,4 2 2 2
10/18/2015 22:05,-18.4,4 1 2 1 4,459,4 2 2 2
10/18/2015 23:05,-8.3,4 1 2 1 4,460,4 2 2 2
10/19/2015 0:05,-0.5,4 1 2 1 1,461,4 2 2 2
10/19/2015 1:05,-17.3,4 1 2 1 4,462,4 2 2 2
10/19/2015 2:05,-13.9,4 1 2 1 4,463,4 2 2 2
10/19/2015 4:05,-15.9,4 1 2 1 4,465,4 2 2 2
10/19/2015 5:05,-4.1,4 1 2 1 1,466,4 2 2 2
10/19/2015 6:05,-10.6,4 1 2 1 4,467,4 2 2 2
10/19/2015 7:05,-4,4 1 2 1 1,468,4 2 2 2
10/19/2015 8:05,-4.5,4 1 2 1 1,469,4 2 2 2
10/19/2015 9:05,-7.7,4 1 2 1 4,470,4 2 2 2
10/19/2015 10:05,9.4,1 1 2 1 1,471,4 2 2 2
10/19/2015 12:05,-8.5,4 1 2 1 4,473,4 2 2 2
10/19/2015 13:05,-0.1,4 1 2 1 1,474,4 2 2 2
10/19/2015 14:05,-21.4,4 1 2 1 4,475,4 2 2 2
10/19/2015 15:05,-8.3,4 1 2 1 4,476,4 2 2 2
10/19/2015 16:05,-27.4,4 1 2 1 4,477,4 2 2 2
10/19/2015 17:05,-14.8,4 1 2 1 4,478,4 2 2 2
10/19/2015 18:05,-22.8,4 1 2 1 4,479,4 2 2 2
10/19/2015 20:05,-20.6,4 1 2 1 4,481,4 2 2 2
10/19/2015 21:05,-59.8,4 3 2 3 4,482,4 2 2 2
10/19/2015 22:05,-12.3,4 1 2 3 4,483,4 2 2 2
10/19/2015 23:05,-20.6,4 1 2 1 4,484,4 2 2 2
10/20/2015 0:05,-16.5,4 1 2 1 4,485,4 2 2 2
10/20/2015 1:05,-6.7,4 1 2 1 4,486,4 2 2 2
10/20/2015 2:05,-12,4 1 2 1 4,487,4 2 2 2
10/20/2015 4:05,-5.9,4 1 2 1 4,489,4 2 2 2
10/20/2015 5:05,-18,4 1 2 1 4,490,4 2 2 2
10/20/2015 6:05,-19.3,4 1 2 1 4,491,4 2 2 2
10/20/2015 7:05,1.9,1 1 2 1 1,492,4 2 2 2
10/20/2015 8:05,-22.9,4 1 2 1 4,493,4 2 2 2
10/20/2015 9:05,-18.7,4 1 2 1 4,494,4 2 2 2
10/20/2015 10:05,-25.6,4 1 2 1 4,495,4 2 2 2
10/20/2015 12:05,-29.1,4 1 2 1 4,497,4 2 2 2
10/20/2015 13:05,-26.2,4 1 2 1 4,498,4 2 2 2
10/20/2015 14:05,-8.4,4 1 2 1 4,499,4 2 2 2
10/20/2015 15:05,-26.1,4 1 2 1 4,500,4 2 2 2
10/20/2015 16:05,-24.2,4 1 2 1 4,501,4 2 2 2
10/20/2015 17:05,-72.3,4 3 2 3 4,502,4 2 2 2
10/20/2015 18:05,-16.6,4 1 2 3 4,503,4 2 2 2
10/20/2015 20:05,-16.5,4 1 2 1 4,505,4 2 2 2
10/20/2015 21:05,-21.7,4 1 2 1 4,506,4 2 2 2
10/20/2015 22:05,-26.4,4 1 2 1 4,507,4 2 2 2
10/20/2015 23:05,-26.1,4 1 2 1 4,508,4 2 2 2
10/21/2015 0:05,-22.9,4 1 2 1 4,509,4 2 2 2
10/21/2015 1:05,-17.1,4 1 2 1 4,510,4 2 2 2
10/21/2015 2:05,-40.7,4 3 2 1 4,511,4 2 2 2
10/21/2015 4:05,-24.5,4 1 2 1 4,513,4 2 2 2
10/21/2015 5:05,-33.7,4 3 2 1 4,514,4 2 2 2
10/21/2015 6:05,-5.6,4 1 2 1 4,515,4 2 2 2
10/21/2015 7:05,-15.4,4 1 2 1 4,516,4 2 2 2
10/21/2015 8:05,-33.5,4 3 2 1 4,517,4 2 2 2
10/21/2015 9:05,-27.6,4 1 2 1 4,518,4 2 2 2
10/21/2015 10:05,-28.2,4 1 2 1 4,519,4 2 2 2
10/21/2015 12:05,-7.2,4 1 2 1 4,521,4 2 2 2
