,Date,Site,Station Depth (m),Sample Depth (m),Sample Depth (category),Local Time (Eastern Time Zone),Latitude (decimal deg),Longitude (decimal deg),Wind speed (knots),Wave Height (ft),Sky,Secchi Depth (m),CTD Temperature (°C),CTD Specific Conductivity (µS/cm),CTD Beam Attenuation (m-1),CTD Tramission (%),CTD Dissolved Oxygen (mg/L),CTD Photosynthetically Active Radiation (µE/m2/s),Turbidity (NTU),Particulate Microcystin (µg/L),Dissolved Microcystin (µg/L),Extracted Phycocyanin (µg/L),Extracted Chlorophyll a (µg/L),Total Phosphorus (µg P/L),Total Dissolved Phosphorus (µg P/L),Soluble Reactive Phosphorus (µg P/L),Ammonia (µg N/L),Nitrate + Nitrite (mg N/L),Particulate Organic Carbon (mg/L),Particulate Organic Nitrogen (mg/L),Colored Dissolved Organic Material absorbance (m-1) at 400nm ,Total Suspended Solids (mg/L),Volatile Suspended Solids (mg/L)
0,2019-04-30,WE2,,5.5,Bottom,,41.7634,-83.3302,,,,,11.1,307.5,33.5,0.0,9.0,0.0,,,,1.27,7.61,,,,,,,,,,
1,2019-04-30,WE8,,4.6,Bottom,,41.8343,-83.3594,,,,,11.0,371.9,19.4,0.8,9.9,0.0,,,,0.38,8.0,,,,,,,,,,
2,2019-04-30,WE12,,6.7,Bottom,,41.7045,-83.2511,,,,,10.9,353.2,33.6,0.0,9.6,0.0,,,,1.28,5.1,,,,,,,,,,
3,2019-05-21,WE2,,5.2,Bottom,,41.7625,-83.3287,,,,,15.1,427.9,8.6,11.8,8.6,0.0,,0.1,0.1,0.29,2.71,,,,,,,,,,
4,2019-05-21,WE8,,4.8,Bottom,,41.8342,-83.3583,,,,,15.7,413.6,3.9,37.5,9.0,103.32,,0.1,0.1,0.18,1.93,,,,,,,,,,
5,2019-05-21,WE12,,6.3,Bottom,,41.7019,-83.2526,,,,,15.0,365.3,36.4,0.0,8.2,0.0,,0.1,0.17,0.39,5.61,,,,,,,,,,
6,2019-05-21,WE13,,8.7,Bottom,,41.744,-83.1359,,,,,12.8,310.0,5.4,26.1,9.7,0.0,,0.1,0.1,0.2,4.59,,,,,,,,,,
7,2019-06-03,WE2,,5.2,Bottom,,41.7626,-83.329,,,,,17.9,320.1,7.0,17.4,9.3,1.3,,0.1,0.1,0.29,22.96,,,,,,,,,,
8,2019-06-03,WE8,,4.7,Bottom,,41.8366,-83.3569,,,,,19.5,384.4,7.2,16.4,8.4,0.0,,0.1,0.1,0.28,14.67,,,,,,,,,,
9,2019-06-03,WE12,,6.3,Bottom,,41.7036,-83.2554,,,,,18.5,356.8,11.9,5.1,8.1,0.0,,0.1,0.1,0.44,15.88,,,,,,,,,,
10,2019-06-03,WE13,,8.7,Bottom,,41.7447,-83.1355,,,,,16.1,249.9,3.6,40.8,9.1,4.93,,0.1,0.1,0.22,3.64,,,,,,,,,,
11,2019-06-17,WE2,,5.2,Bottom,,41.7633,-83.33,,,,,18.7,367.1,21.5,0.5,7.9,0.0,,0.1,0.1,0.49,1.72,,,,,,,,,,
12,2019-06-17,WE8,,4.7,Bottom,,41.8351,-83.3578,,,,,18.7,354.0,8.9,10.8,8.0,0.0,,0.1,0.1,0.62,4.4,,,,,,,,,,
13,2019-06-17,WE12,,6.3,Bottom,,41.7027,-83.2525,,,,,18.8,353.5,13.7,3.3,8.0,0.0,,0.1,0.1,0.69,2.17,,,,,,,,,,
14,2019-06-17,WE13,,8.7,Bottom,,41.7443,-83.1369,,,,,17.6,238.6,4.1,36.1,8.5,0.59,,0.1,0.1,0.24,2.57,,,,,,,,,,
15,2019-07-01,WE2,,5.4,Bottom,,41.7625,-83.3293,,,,,20.7,337.7,4.0,36.5,5.2,2.64,,0.1,0.1,0.23,,,,,,,,,,,
16,2019-07-01,WE8,,4.9,Bottom,,41.8332,-83.3581,,,,,24.7,375.5,2.9,47.9,9.0,0.41,,0.1,0.1,0.79,,,,,,,,,,,
17,2019-07-01,WE12,,6.3,Bottom,,41.7034,-83.2545,,,,,20.4,308.5,6.9,17.8,5.0,1.91,,0.1,0.1,0.17,,,,,,,,,,,
18,2019-07-01,WE13,,8.6,Bottom,,41.7415,-83.1375,,,,,19.2,249.2,6.9,18.5,5.3,16.02,,0.1,0.1,0.12,,,,,,,,,,,
19,2019-07-08,WE2,,5.5,Bottom,,41.7628,-83.3287,,,,,25.1,326.7,4.1,36.3,6.4,1.38,,0.1,0.1,3.59,33.88,,,,,,,,,,
20,2019-07-08,WE8,,4.6,Bottom,,41.8357,-83.359,,,,,25.6,327.5,2.7,51.1,5.8,2.88,,0.21,0.1,1.28,10.85,,,,,,,,,,
21,2019-07-08,WE12,,6.5,Bottom,,41.7043,-83.2526,,,,,25.2,341.2,5.0,28.5,6.1,23.46,,0.1,0.1,2.75,28.13,,,,,,,,,,
22,2019-07-08,WE13,,8.7,Bottom,,41.7449,-83.1379,,,,,20.8,324.3,6.7,19.0,1.1,1.75,,0.1,0.1,2.26,6.63,,,,,,,,,,
23,2019-07-15,WE2,,4.9,Bottom,,41.7621,-83.33,,,,,25.7,320.3,2.3,56.3,6.4,5.89,,0.11,0.12,7.12,6.13,,,,,,,,,,
24,2019-07-15,WE8,,4.8,Bottom,,41.8333,-83.3585,,,,,26.1,339.6,1.9,62.3,6.8,1.09,,0.25,0.15,34.91,27.37,,,,,,,,,,
25,2019-07-15,WE12,,6.4,Bottom,,41.7035,-83.2537,,,,,25.3,299.9,4.5,35.2,5.7,2.79,,0.1,0.1,0.39,3.5,,,,,,,,,,
26,2019-07-15,WE13,,8.6,Bottom,,41.7425,-83.13600000000002,,,,,23.1,278.9,1.7,66.0,4.1,15.19,,0.1,0.1,0.48,3.81,,,,,,,,,,
27,2019-07-22,WE2,,5.1,Bottom,,41.76300000000001,-83.3289,,,,,26.5,323.2,4.3,34.1,6.6,0.07,,0.78,0.1,15.52,7.66,,,,,,,,,,
28,2019-07-22,WE8,,4.7,Bottom,,41.8354,-83.3584,,,,,26.4,332.0,4.1,35.6,7.1,3.72,,5.06,0.1,60.56,30.16,,,,,,,,,,
29,2019-07-22,WE12,,6.6,Bottom,,41.706,-83.2518,,,,,26.1,279.7,6.3,20.9,6.3,0.0,,0.48,0.1,3.03,12.27,,,,,,,,,,
30,2019-07-22,WE13,,8.7,Bottom,,41.7467,-83.1394,,,,,25.7,256.3,1.6,66.8,6.3,11.75,,0.25,0.1,5.9,6.9,,,,,,,,,,
31,2019-07-29,WE2,,4.7,Bottom,,41.7602,-83.3336,,,,,25.8,349.8,6.4,20.3,9.4,0.0,,3.14,0.36,369.76,130.16,,,,,,,,,,
32,2019-07-29,WE8,,4.5,Bottom,,41.8328,-83.3625,,,,,25.4,280.1,3.1,45.7,7.8,0.93,,8.89,0.15,73.39,45.09,,,,,,,,,,
33,2019-07-29,WE12,,6.1,Bottom,,41.7028,-83.2563,,,,,25.4,282.1,5.4,26.0,7.8,0.0,,4.66,0.08,28.13,33.15,,,,,,,,,,
34,2019-07-29,WE13,,8.4,Bottom,,41.7421,-83.1417,,,,,25.2,241.1,2.6,52.7,7.0,1.33,,1.84,0.1,3.77,16.97,,,,,,,,,,
35,2019-08-05,WE2,,5.1,Bottom,,41.7624,-83.3306,,,,,25.3,287.4,4.2,35.2,7.4,0.7,,9.83,0.1,31.3,41.86,,,,,,,,,,
36,2019-08-05,WE6,,0.0,Scum,,41.7057,-83.3831,,,,,,,,,,,,13.09,0.1,164.48,191.65,,,,,,,,,,
37,2019-08-05,WE8,,4.6,Bottom,,41.8347,-83.3587,,,,,25.5,263.8,3.7,40.2,6.5,0.0,,7.02,0.1,50.96,34.58,,,,,,,,,,
38,2019-08-05,WE9,,0.0,Scum,,41.7177,-83.42299999999999,,,,,,,,,,,,101.66,11.82,125.63,884.52,,,,,,,,,,
39,2019-08-05,WE12,,6.3,Bottom,,41.703,-83.2544,,,,,24.9,325.6,5.6,24.6,4.8,0.0,,22.12,0.1,52.55,108.84,,,,,,,,,,
40,2019-08-05,WE12,,0.0,Scum,,41.703,-83.2544,,,,,,,,,,,,10.49,0.1,49.97,141.41,,,,,,,,,,
41,2019-08-05,WE13,,8.5,Bottom,,41.7447,-83.1386,,,,,25.0,251.0,2.8,49.9,6.9,0.38,,2.95,0.1,5.83,9.67,,,,,,,,,,
42,2019-08-05,Unknown,,0.0,Scum,12:14,41.7075,-83.3761,,,sunny,,,,,,,,,142.26,4.03,357.05,1705.86,,,,,,,,,,
43,2019-08-12,WE2,,4.6,Bottom,,41.7615,-83.3309,,,,,24.7,253.3,5.0,28.8,7.5,0.27,,4.23,0.1,32.69,55.03,,,,,,,,,,
44,2019-08-12,WE8,,4.6,Bottom,,41.8325,-83.3598,,,,,24.8,263.5,5.0,29.0,7.0,3.08,,8.33,0.1,46.04,59.8,,,,,,,,,,
45,2019-08-12,WE12,,6.1,Bottom,,41.7021,-83.2551,,,,,24.6,266.8,5.8,23.6,7.0,0.0,,8.97,0.1,39.49,50.27,,,,,,,,,,
46,2019-08-12,WE13,,8.4,Bottom,,41.7438,-83.1401,,,,,24.3,226.8,2.5,53.3,6.6,2.64,,0.33,0.1,0.81,6.35,,,,,,,,,,
47,2019-08-19,WE2,,5.2,Bottom,,41.7621,-83.3303,,,,,24.4,243.6,5.8,23.3,7.1,0.0,,10.61,0.47,,62.11,,,,,,,,,,
48,2019-08-19,WE6,,0.0,Scum,,41.7109,-83.3668,,,,,,,,,,,,10.98,1.52,,1839.24,,,,,,,,,,
49,2019-08-19,WE8,,4.7,Bottom,,41.8336,-83.3598,,,,,24.5,254.9,5.9,22.6,6.1,0.0,,5.46,0.87,,60.26,,,,,,,,,,
50,2019-08-19,WE9,,0.0,Scum,,41.7173,-83.4218,,,,,,,,,,,,13.11,0.82,,650.75,,,,,,,,,,
51,2019-08-19,WE12,,6.3,Bottom,,41.7029,-83.2539,,,,,24.3,242.5,6.3,20.7,7.0,0.0,,5.94,0.45,,43.83,,,,,,,,,,
52,2019-08-19,WE13,,8.5,Bottom,,41.7469,-83.1379,,,,,24.3,239.1,2.6,52.1,6.6,1.57,,0.59,0.25,,7.35,,,,,,,,,,
53,2019-08-19,Unknown,,0.0,Scum,12:40,41.7395,-83.3711,,,,,,,,,,,,18.66,1.27,,1333.8,,,,,,,,,,
54,2019-08-28,WE12,,6.0,Bottom,,41.7424,-83.13799999999998,,,,,22.6,254.1,10.4,7.5,6.5,0.0,,3.04,0.37,20.12,42.36,,,,,,,,,,
55,2019-09-03,WE2,,4.6,Bottom,,41.7606,-83.3326,,,,,21.8,270.2,14.5,2.6,6.6,0.0,,0.52,0.45,15.56,75.37,,,,,,,,,,
56,2019-09-03,WE8,,4.4,Bottom,,41.8351,-83.3597,,,,,21.9,333.6,8.9,11.0,5.9,0.0,,0.87,0.26,18.7,71.08,,,,,,,,,,
57,2019-09-03,WE8,,0.0,Scum,,41.8351,-83.3597,,,,,,,,,,,,3.44,0.39,492.83,267.18,,,,,,,,,,
58,2019-09-03,WE12,,6.0,Bottom,,41.7034,-83.2558,,,,,21.6,256.5,13.9,3.1,5.3,0.0,,0.13,0.19,5.09,61.77,,,,,,,,,,
59,2019-09-03,WE13,,8.4,Bottom,,41.7421,-83.1378,,,,,21.9,234.4,6.9,17.8,6.1,0.0,,0.38,0.14,3.89,43.78,,,,,,,,,,
60,2019-09-09,WE2,,5.1,Bottom,,41.7624,-83.3292,,,,,21.2,285.3,16.9,1.4,6.5,0.0,,0.1,0.1,2.4,31.14,,,,,,,,,,
61,2019-09-09,WE8,,4.7,Bottom,,41.8351,-83.3568,,,,,21.5,293.3,7.4,15.8,6.3,0.0,,0.1,0.1,2.27,35.88,,,,,,,,,,
62,2019-09-09,WE12,,6.1,Bottom,,41.7037,-83.2553,,,,,21.2,283.1,12.0,5.0,6.8,0.0,,0.1,0.1,2.69,72.74,,,,,,,,,,
63,2019-09-09,WE13,,8.4,Bottom,,41.7444,-83.1353,,,,,21.6,253.1,6.0,22.5,6.8,0.0,,0.1,0.1,3.83,50.51,,,,,,,,,,
64,2019-09-16,WE2,,4.8,Bottom,,41.7631,-83.3307,,,,,22.1,317.2,8.3,12.7,5.6,0.0,,0.1,0.1,1.58,7.96,,,,,,,,,,
65,2019-09-16,WE8,,4.0,Bottom,,41.8356,-83.3584,,,,,21.8,308.8,2.2,58.2,5.7,1.19,,0.1,0.1,3.51,5.09,,,,,,,,,,
66,2019-09-16,WE12,,6.1,Bottom,,41.7028,-83.2543,,,,,21.9,289.3,4.2,34.8,5.5,0.16,,0.1,0.1,3.06,14.82,,,,,,,,,,
67,2019-09-16,WE13,,8.4,Bottom,,41.7436,-83.137,,,,,21.6,235.2,2.3,56.3,6.9,1.58,,0.1,0.1,0.84,18.07,,,,,,,,,,
68,2019-09-24,WE2,,5.1,Bottom,,41.7626,-83.32799999999997,,,,,21.7,273.9,4.4,33.6,6.4,3.18,,0.1,0.1,2.79,11.73,,,,,,,,,,
69,2019-09-24,WE8,,4.3,Bottom,,41.8342,-83.3605,,,,,21.8,297.4,2.5,53.6,6.3,0.57,,0.1,0.1,5.15,11.8,,,,,,,,,,
70,2019-09-24,WE12,,6.0,Bottom,,41.7029,-83.2551,,,,,21.8,266.2,3.9,37.9,6.4,0.88,,0.1,0.1,3.18,14.17,,,,,,,,,,
71,2019-09-24,WE13,,8.3,Bottom,,41.7429,-83.135,,,,,21.7,236.1,2.0,61.3,6.9,3.29,,0.1,0.1,1.47,9.31,,,,,,,,,,
72,2019-10-07,WE2,,4.9,Bottom,,41.7627,-83.3327,,,,,18.1,290.9,10.5,7.3,6.9,0.0,,0.1,0.1,1.95,9.03,,,,,,,,,,
73,2019-10-07,WE8,,4.8,Bottom,,41.8342,-83.3611,,,,,18.1,299.9,2.1,59.7,7.2,0.0,,0.1,0.1,2.02,11.61,,,,,,,,,,
74,2019-10-07,WE12,,6.4,Bottom,,41.7023,-83.2639,,,,,18.5,251.8,6.5,19.6,7.2,0.02,,0.1,0.1,1.53,22.23,,,,,,,,,,
75,2019-10-07,WE13,,8.6,Bottom,,41.7428,-83.1354,,,,,18.3,265.2,2.7,50.4,7.4,0.14,,0.1,0.1,2.55,20.22,,,,,,,,,,
76,2015-06-08,WE2,,4.1,Bottom,,41.7635,-83.3309,,,,,19.8,367.3,7.2,16.7,6.31,1.0,,0.1,0.1,0.08,3.22,,,,,,,,,,
77,2015-06-08,WE6,,1.5,Bottom,,41.7086,-83.3832,,,,,21.0,442.9,1.9,62.9,9.1,39.0,,0.1,0.1,0.06,1.96,,,,,,,,,,
78,2015-06-08,WE8,,3.4,Bottom,,41.8344,-83.3624,,,,,20.6,325.3,1.8,63.0,7.23,76.0,,0.1,0.1,0.29,2.84,,,,,,,,,,
79,2015-06-08,WE13,,4.25,Mid-column,,41.7402,-83.1404,,,,,18.6,257.3,3.6,40.4,7.37,5.0,,0.1,0.1,0.08,12.02,,,,,,,,,,
80,2015-06-08,WE13,,7.5,Bottom,,41.7402,-83.1404,,,,,18.6,257.2,3.9,37.8,7.23,0.0,,0.1,0.1,0.62,10.54,,,,,,,,,,
81,2015-06-18,WE2,,4.0,Bottom,,41.7636,-83.33200000000002,,,,,23.0,302.1,,,4.7,0.0,,0.1,0.1,1.03,3.79,,,,,,,,,,
82,2015-06-18,WE6,,1.9,Bottom,,41.7164,-83.3825,,,,,23.0,384.5,,,5.91,0.0,,0.1,0.1,0.29,1.99,,,,,,,,,,
83,2015-06-18,WE8,,3.6,Bottom,,41.8342,-83.3521,,,,,22.8,413.5,2.3,56.4,7.22,33.0,,0.1,0.1,0.21,3.61,,,,,,,,,,
84,2015-06-18,WE12,,5.2,Bottom,,41.70399999999999,-83.2564,,,,,22.7,444.8,4.2,34.8,7.42,1.0,,0.1,0.1,0.28,5.26,,,,,,,,,,
85,2015-06-18,WE13,,4.25,Mid-column,,41.7431,-83.1389,,,,,21.1,272.9,1.2,74.6,8.92,302.0,,0.1,0.1,0.99,7.21,,,,,,,,,,
86,2015-06-18,WE13,,7.6,Bottom,,41.7431,-83.1389,,,,,19.6,254.7,2.1,60.1,7.81,70.0,,0.1,0.1,0.84,5.86,,,,,,,,,,
87,2015-06-22,WE2,,4.2,Bottom,,41.7652,-83.3288,,,,,23.0,331.4,12.0,5.0,6.08,0.0,,0.1,0.1,0.43,2.83,,,,,,,,,,
88,2015-06-22,WE6,,1.5,Bottom,,41.7101,-83.3809,,,,,23.4,319.8,6.6,19.4,4.97,31.0,,0.1,0.1,0.17,1.6,,,,,,,,,,
89,2015-06-22,WE8,,3.4,Bottom,,41.8359,-83.352,,,,,23.1,412.6,1.6,67.6,8.01,99.0,,0.57,0.1,1.46,12.84,,,,,,,,,,
90,2015-06-22,WE12,,5.1,Bottom,,41.7028,-83.2592,,,,,23.4,387.0,10.6,7.1,6.81,0.0,,0.1,0.1,0.19,4.46,,,,,,,,,,
91,2015-06-22,WE13,,4.25,Mid-column,,41.742,-83.1382,,,,,21.3,275.7,1.9,62.9,9.44,52.0,,0.1,0.1,3.54,24.2,,,,,,,,,,
92,2015-06-22,WE13,,7.5,Bottom,,41.742,-83.1382,,,,,21.3,274.3,1.6,66.8,9.09,15.0,,0.1,0.1,0.89,20.4,,,,,,,,,,
93,2015-06-29,WE2,,4.5,Bottom,,41.7646,-83.3284,,,,,20.9,52.9,28.1,0.1,10.73,0.0,,0.1,0.1,2.94,12.68,,,,,,,,,,
94,2015-06-29,WE6,,1.6,Bottom,,41.7061,-83.3848,,,,,19.8,336.0,17.7,1.2,9.11,2.0,,0.1,0.1,0.88,9.66,,,,,,,,,,
95,2015-06-29,WE8,,3.6,Bottom,,41.8343,-83.3626,,,,,20.6,299.5,4.9,29.4,7.65,7.0,,0.1,0.1,1.14,15.96,,,,,,,,,,
96,2015-06-29,WE12,,5.4,Bottom,,41.7036,-83.2562,,,,,21.1,372.1,43.9,0.0,7.88,0.0,,0.1,0.1,4.11,20.92,,,,,,,,,,
97,2015-06-29,WE13,,4.4,Mid-column,,41.7417,-83.1356,,,,,21.0,303.6,47.0,0.0,7.89,0.0,,0.1,0.1,2.96,19.31,,,,,,,,,,
98,2015-06-29,WE13,,7.8,Bottom,,41.7417,-83.1356,,,,,20.8,290.0,43.1,0.0,7.82,0.0,,0.1,0.1,2.01,18.25,,,,,,,,,,
99,2015-07-06,WE2,,4.0,Bottom,,41.7657,-83.3335,,,,,21.7,326.8,5.9,22.8,8.09,0.0,,0.1,0.1,1.87,26.42,,,,,,,,,,
100,2015-07-06,WE6,,1.8,Bottom,,41.7006,-83.37899999999998,,,,,21.9,302.5,4.6,31.9,7.71,9.0,,0.1,0.1,0.53,22.81,,,,,,,,,,
101,2015-07-06,WE8,,3.6,Bottom,,41.8353,-83.3611,,,,,22.4,345.6,5.9,23.0,8.9,2.0,,0.1,0.1,1.0,19.13,,,,,,,,,,
102,2015-07-06,WE12,,5.2,Bottom,,41.7059,-83.2632,,,,,21.2,300.2,5.4,26.2,7.63,0.0,,0.39,0.1,0.36,7.73,,,,,,,,,,
103,2015-07-06,WE12,,,Scum,,41.7059,-83.2632,,,,,,,,,,,,24.99,0.41,80.32,142.98,,,,,,,,,,
104,2015-07-06,WE13,,4.35,Mid-column,,41.7417,-83.1418,,,,,21.4,290.4,6.2,21.0,7.85,0.0,,0.1,0.1,0.36,15.36,,,,,,,,,,
105,2015-07-06,WE13,,7.7,Bottom,,41.7417,-83.1418,,,,,20.4,290.2,9.1,10.4,4.97,0.0,,0.1,0.1,0.36,6.5,,,,,,,,,,
106,2015-07-06,WE13,,,Scum,,41.7417,-83.1418,,,,,,,,,,,,57.07,0.46,1128.02,440.58,,,,,,,,,,
107,2015-07-13,WE2,,4.5,Bottom,,41.7659,-83.3285,,,,,21.6,350.1,3.5,41.5,6.66,0.0,,0.1,0.1,0.34,3.18,,,,,,,,,,
108,2015-07-13,WE6,,2.0,Bottom,,41.7124,-83.3756,,,,,22.3,385.0,5.7,23.9,7.45,38.0,,0.1,0.1,7.59,25.03,,,,,,,,,,
109,2015-07-13,WE8,,3.5,Bottom,,41.8332,-83.3651,,,,,22.9,351.1,2.3,56.3,7.09,0.0,,1.12,0.1,2.46,12.3,,,,,,,,,,
110,2015-07-14,WE12,,5.4,Bottom,,41.7042,-83.2552,,,,,22.0,330.9,5.4,25.9,7.72,0.0,,0.11,0.1,0.73,6.06,,,,,,,,,,
111,2015-07-14,WE13,,4.4,Mid-column,,41.7417,-83.1392,,,,,21.9,273.9,2.5,53.7,7.96,10.0,,0.59,0.1,3.38,18.19,,,,,,,,,,
112,2015-07-14,WE13,,7.8,Bottom,,41.7417,-83.1392,,,,,21.6,268.4,3.5,42.2,7.36,0.0,,0.55,0.1,1.99,8.71,,,,,,,,,,
113,2015-07-20,WE2,,4.3,Bottom,,41.7659,-83.3311,,,,,22.5,39.0,2.3,56.4,10.67,1.0,,0.1,0.1,9.5,5.45,,,,,,,,,,
114,2015-07-20,WE4,,,Scum,,41.8261,-83.1946,,,,,,,,,,,,54.33,0.2,827.7,508.86,,,,,,,,,,
115,2015-07-20,WE6,,1.9,Bottom,,41.7101,-83.3803,,,,,23.6,340.6,3.8,38.9,5.3,53.0,,0.1,0.1,5.49,2.56,,,,,,,,,,
116,2015-07-20,WE8,,3.5,Bottom,,41.8355,-83.3623,,,,,23.1,337.3,1.5,68.7,6.9,8.0,,0.1,0.1,3.36,11.98,,,,,,,,,,
117,2015-07-20,WE12,,5.4,Bottom,,41.7047,-83.2572,,,,,23.4,318.2,4.2,35.1,8.14,0.0,,0.1,0.1,0.79,16.43,,,,,,,,,,
118,2015-07-20,WE13,,4.45,Mid-column,,41.746,-83.1328,,,,,23.0,257.8,1.3,72.4,9.0,44.0,,2.92,0.1,5.77,22.84,,,,,,,,,,
119,2015-07-20,WE13,,7.9,Bottom,,41.746,-83.1328,,,,,22.8,257.2,1.4,71.1,8.65,11.0,,0.1,0.1,1.8,2.35,,,,,,,,,,
120,2015-07-20,WE13,,,Scum,,41.746,-83.1328,,,,,,,,,,,,27.98,0.11,554.19,630.96,,,,,,,,,,
121,2015-07-27,WE2,,4.3,Bottom,,41.7648,-83.3314,,,,,24.6,325.7,2.1,58.6,7.16,1.0,,0.11,0.17,0.6,5.22,,,,,,,,,,
122,2015-07-27,WE8,,3.5,Bottom,,41.8336,-83.3637,,,,,25.2,343.0,1.5,68.4,7.57,11.0,,0.46,0.22,10.05,30.14,,,,,,,,,,
123,2015-07-27,WE12,,5.3,Bottom,,41.7036,-83.2581,,,,,24.8,309.4,2.0,60.7,9.65,2.0,,0.95,0.6,6.24,20.2,,,,,,,,,,
124,2015-07-27,WE13,,4.4,Mid-column,,41.7441,-83.1381,,,,,24.5,241.6,1.0,78.4,8.81,359.0,,0.24,0.12,0.67,7.81,,,,,,,,,,
125,2015-07-27,WE13,,7.8,Bottom,,41.7441,-83.1381,,,,,23.4,251.5,2.2,57.8,6.24,104.0,,0.1,0.15,0.22,4.85,,,,,,,,,,
126,2015-07-27,WE15,,,Scum,,41.6177,-83.0124,,,,,,,,,,,,191.48,0.4,90310.71,20718.75,,,,,,,,,,
127,2015-08-04,WE2,,4.3,Bottom,,41.7646,-83.3264,,,,,24.3,311.5,3.3,44.3,7.9,35.0,,1.45,0.51,10.99,20.3,,,,,,,,,,
128,2015-08-04,WE8,,3.3,Bottom,,41.8334,-83.3633,,,,,24.4,302.6,5.3,26.6,10.47,2.0,,2.41,0.34,34.05,42.9,,,,,,,,,,
129,2015-08-04,WE12,,5.5,Bottom,,41.703,-83.2551,,,,,24.3,325.4,5.4,25.7,7.72,0.0,,0.52,0.2,41.83,12.6,,,,,,,,,,
130,2015-08-04,WE13,,4.35,Mid-column,,41.7433,-83.052,,,,,24.6,267.5,4.2,35.2,8.9,3.0,,2.55,0.18,16.67,34.45,,,,,,,,,,
131,2015-08-04,WE13,,7.7,Bottom,,41.7433,-83.052,,,,,24.4,264.7,3.2,44.7,8.26,0.0,,2.12,0.12,9.31,13.44,,,,,,,,,,
132,2015-08-10,WE2,,4.1,Bottom,,41.7627,-83.2653,,,,,23.9,326.9,5.4,25.8,9.41,0.0,,1.3,0.21,65.95,81.34,,,,,,,,,,
133,2015-08-10,WE2,,,Scum,,41.7627,-83.2653,,,,,,,,,,,,39.38,0.26,1742.62,1913.6,,,,,,,,,,
134,2015-08-10,WE4,,,Scum,,41.826,-83.1969,,,,,,,,,,,,5.89,0.16,100.13,492.8,,,,,,,,,,
135,2015-08-10,WE6,,,Scum,,41.7109,-83.3795,,,,,,,,,,,,55.64,0.47,1598.34,1712.64,,,,,,,,,,
136,2015-08-10,WE8,,3.5,Bottom,,41.8351,-83.3644,,,,,24.1,314.8,4.6,31.8,10.89,0.0,,19.24,0.46,343.87,969.6,,,,,,,,,,
137,2015-08-10,WE8,,,Scum,,41.8351,-83.3644,,,,,,,,,,,,2778.75,3.4,272716.32,161971.2,,,,,,,,,,
138,2015-08-10,WE12,,5.5,Bottom,,41.7037,-83.2553,,,,,24.1,317.3,4.2,34.7,10.04,0.0,,0.1,0.15,32.5,98.88,,,,,,,,,,
139,2015-08-10,WE12,,,Scum,,41.7037,-83.2553,,,,,,,,,,,,1.85,2.0,427.31,5996.8,,,,,,,,,,
140,2015-08-10,WE13,,4.35,Mid-column,,41.7451,-83.1355,,,,,24.0,274.0,5.1,27.7,9.26,0.0,,1.02,0.28,17.77,56.96,,,,,,,,,,
141,2015-08-10,WE13,,7.7,Bottom,,41.7451,-83.1355,,,,,24.0,275.4,4.8,30.1,9.31,0.0,,0.61,0.32,40.0,28.42,,,,,,,,,,
142,2015-08-10,WE13,,,Scum,,41.7451,-83.1355,,,,,,,,,,,,12.61,0.22,606.31,2889.6,,,,,,,,,,
143,2015-08-10,WE14,,,Scum,,41.7172,-83.016,,,,,,,,,,,,19.83,0.22,195.82,671.36,,,,,,,,,,
144,2015-08-17,WE2,,3.8,Bottom,,41.7647,-83.3328,,,,,24.4,277.9,3.9,38.1,11.0,0.0,,1.86,0.37,29.33,144.64,,,,,,,,,,
145,2015-08-17,WE4,,,Scum,,41.8262,-83.1938,,,,,,,,,,,,9.89,0.16,94.8,1880.0,,,,,,,,,,
146,2015-08-17,WE8,,3.5,Bottom,,41.8332,-83.3623,,,,,23.7,244.5,2.2,57.7,8.59,8.0,,0.22,0.28,5.03,50.37,,,,,0.008,,,,,
147,2015-08-17,WE12,,5.3,Bottom,,41.7043,-83.2556,,,,,24.0,279.5,5.0,29.1,9.72,0.0,,0.1,0.1,6.58,77.44,,,,,,,,,,
148,2015-08-17,WE13,,4.4,Mid-column,,41.7447,-83.1348,,,,,24.4,227.9,2.8,50.0,10.25,18.0,,0.41,0.1,2.63,38.91,,,,,,,,,,
149,2015-08-17,WE13,,7.8,Bottom,,41.7447,-83.1348,,,,,23.8,237.4,2.6,52.9,8.95,1.0,,0.44,0.1,1.15,25.22,,,,,,,,,,
150,2015-08-24,WE2,,3.7,Bottom,,41.7653,-83.3319,,,,,23.1,258.1,6.4,20.1,8.0,0.0,,0.13,0.2,13.77,91.65,,,,,,,,,,
151,2015-08-25,WE8,,3.0,Bottom,,41.8335,-83.3639,,,,,22.5,256.4,5.8,23.4,8.87,0.0,,0.69,0.3,16.22,96.85,,,,,,,,,,
152,2015-08-24,WE12,,5.1,Bottom,,41.7024,-83.2561,,,,,23.4,259.1,6.5,19.5,8.65,0.0,,1.36,0.21,16.34,81.58,,,,,,,,,,
153,2015-08-25,WE13,,4.15,Mid-column,,41.7447,-83.1348,,,,,23.0,232.8,5.2,27.4,8.23,1.0,,1.44,0.15,15.24,43.32,,,,,,,,,,
154,2015-08-25,WE13,,7.3,Bottom,,41.7447,-83.1348,,,,,23.0,232.8,5.1,28.2,8.3,0.0,,,,,,,,,,,,,,,
155,2015-08-31,WE2,,4.2,Bottom,,41.7639,-83.3286,,,,,22.0,267.7,3.7,39.4,7.96,0.0,,0.32,0.12,20.61,45.38,,,,,,,,,,
156,2015-08-31,WE8,,3.4,Bottom,,41.8346,-83.3626,,,,,22.0,267.7,3.7,39.4,7.96,0.0,,0.19,0.17,19.01,49.1,,,,,,,,,,
157,2015-08-31,WE12,,5.2,Bottom,,41.7045,-83.2575,,,,,21.9,261.5,3.8,39.0,8.91,0.0,,0.19,0.14,15.6,32.86,,,,,,,,,,
158,2015-08-31,WE13,,4.3,Mid-column,,41.7442,-83.1336,,,,,22.5,239.6,3.6,40.9,8.23,4.0,,0.1,0.13,39.96,41.91,,,,,,,,,,
159,2015-08-31,WE13,,7.6,Bottom,,41.7442,-83.1336,,,,,21.9,236.1,3.3,43.9,5.92,0.0,,0.1,0.1,5.69,17.88,,,,,,,,,,
160,2015-08-31,WE13,,,Scum,,41.7442,-83.1336,,,,,,,,,,,,4.16,0.15,507.17,303.34,,,,,,,,,,
161,2015-09-08,WE2,,4.1,Bottom,,41.7644,-83.33200000000002,,,,,24.1,269.0,5.4,25.9,7.24,0.0,,1.0,0.22,36.85,46.98,,,,,,,,,,
162,2015-09-08,WE8,,4.1,Bottom,,41.8339,-83.3632,,,,,24.1,269.0,4.2,35.0,6.9,7.0,,0.7,0.13,21.05,40.19,,,,,,,,,,
163,2015-09-08,WE12,,5.2,Bottom,,41.7034,-83.2549,,,,,23.2,253.0,6.2,21.7,5.85,0.0,,0.47,0.12,20.61,32.13,,,,,,,,,,
164,2015-09-08,WE13,,4.3,Mid-column,,41.7428,-83.135,,,,,23.9,242.5,3.6,40.2,8.14,4.0,,0.8,0.1,47.08,55.94,,,,,,,,,,
165,2015-09-08,WE13,,7.6,Bottom,,41.7428,-83.135,,,,,22.9,241.9,2.5,53.8,6.1,0.0,,0.58,0.1,13.92,28.8,,,,,,,,,,
166,2015-09-08,WE13,,,Scum,,41.7428,-83.135,,,,,,,,,,,,14.96,0.13,413.24,463.68,,,,,,,,,,
167,2015-09-14,WE2,,3.9,Bottom,,41.7647,-83.3283,,,,,20.5,257.9,5.6,24.6,8.43,0.0,,1.37,0.21,23.63,70.57,,,,,,,,,,
168,2015-09-14,WE8,,3.4,Bottom,,41.8338,-83.3614,,,,,20.7,282.1,5.2,27.0,9.34,5.0,,1.41,0.69,45.9,72.56,,,,,,,,,,
169,2015-09-14,WE12,,5.1,Bottom,,41.7035,-83.2563,,,,,20.6,267.4,6.9,17.7,8.78,0.0,,1.41,,35.59,63.49,,,,,,,,,,
170,2015-09-14,WE13,,4.25,Mid-column,,41.739,-83.134,,,,,21.2,246.1,4.7,30.6,8.51,6.0,,0.68,0.24,21.89,51.46,,,,,,,,,,
171,2015-09-14,WE13,,7.5,Bottom,,41.739,-83.134,,,,,21.2,246.6,5.3,26.9,8.2,0.0,,0.35,0.1,18.94,49.41,,,,,,,,,,
172,2015-09-21,WE2,,4.3,Bottom,,41.7641,-83.3305,,,,,20.3,302.0,6.0,22.3,8.33,0.0,,1.45,0.27,31.35,42.24,,,,,,,,,,
173,2015-09-21,WE8,,3.4,Bottom,,41.8343,-83.3631,,,,,20.5,272.4,4.5,32.9,8.43,9.0,,0.64,0.38,25.33,37.09,,,,,,,,,,
174,2015-09-21,WE12,,5.3,Bottom,,41.7055,-83.2564,,,,,20.3,261.8,6.6,19.4,8.49,0.0,,0.42,0.32,18.29,44.88,,,,,,,,,,
175,2015-09-21,WE13,,4.3,Mid-column,,41.705,-83.1361,,,,,20.7,243.4,4.7,31.1,8.56,4.0,,0.25,0.23,16.87,36.7,,,,,,,,,,
176,2015-09-21,WE13,,7.6,Bottom,,41.705,-83.1361,,,,,20.7,243.6,4.8,29.9,8.57,0.0,,0.32,0.16,19.92,40.52,,,,,,,,,,
177,2015-09-28,WE2,,4.0,Bottom,,41.7634,-83.3301,,,,,20.6,287.8,7.6,14.8,7.64,0.0,,1.21,0.25,29.77,28.21,,,,,,,,,,
178,2015-09-28,WE8,,3.4,Bottom,,41.8338,-83.3623,,,,,20.8,264.0,5.0,28.9,7.81,9.0,,0.39,0.24,17.12,29.51,,,,,,,,,,
179,2015-09-28,WE12,,5.2,Bottom,,41.7034,-83.2556,,,,,20.5,261.6,7.3,16.2,8.33,0.0,,1.01,0.48,22.0,41.86,,,,,,,,,,
180,2015-09-28,WE13,,4.3,Mid-column,,41.7431,-83.1356,,,,,20.6,254.9,5.5,25.3,7.95,5.0,,0.25,0.29,18.15,36.01,,,,,,,,,,
181,2015-09-28,WE13,,7.6,Bottom,,41.7431,-83.1356,,,,,20.6,255.2,6.1,21.7,7.78,0.0,,0.3,0.34,17.88,38.35,,,,,,,,,,
182,2015-10-05,WE2,,4.0,Bottom,,41.7641,-83.3289,,,,,15.1,228.1,27.7,0.1,9.07,0.0,,0.13,0.1,0.39,8.51,,,,,,,,,,
183,2015-10-05,WE8,,3.2,Bottom,,41.8348,-83.3648,,,,,15.2,239.4,15.5,2.1,8.93,0.0,,0.1,0.1,0.19,5.03,,,,,,,,,,
184,2015-10-05,WE12,,5.1,Bottom,,41.7022,-83.2541,,,,,16.1,239.2,33.9,0.0,8.61,0.0,,0.19,0.1,1.87,18.05,,,,,,,,,,
185,2015-10-05,WE13,,4.3,Mid-column,,41.7418,-83.1342,,,,,14.8,285.1,37.9,0.0,8.86,0.0,,0.36,0.13,4.52,19.25,,,,,,,,,,
186,2015-10-05,WE13,,7.6,Bottom,,41.7418,-83.1342,,,,,14.8,285.3,36.9,0.0,8.89,0.0,,0.43,0.1,5.17,21.32,,,,,,,,,,
187,2015-10-05,WE15,,,Scum,,41.6166,-83.0091,,,,,,,,,,,,4.92,0.1,738.64,421.5,,,,,,,,,,
188,2015-10-14,WE2,,4.2,Bottom,,41.7648,-83.3316,,,,,15.2,232.1,3.8,38.2,9.05,3.0,,0.1,0.1,0.31,3.96,,,,,,,,,,
189,2015-10-14,WE8,,3.3,Bottom,,41.8342,-83.361,,,,,15.3,239.0,1.4,70.1,9.15,119.0,,0.1,0.1,0.33,2.92,,,,,,,,,,
190,2015-10-14,WE12,,5.0,Bottom,,41.7028,-83.256,,,,,15.3,258.2,7.4,15.7,8.83,0.0,,0.1,0.1,0.24,3.67,,,,,,,,,,
191,2015-10-14,WE13,,4.25,Mid-column,,41.744,-83.1339,,,,,15.7,234.3,5.3,26.4,9.03,1.0,,0.1,0.1,0.42,7.62,,,,,,,,,,
192,2015-10-14,WE13,,7.5,Bottom,,41.744,-83.1339,,,,,15.7,234.5,6.2,21.3,8.93,0.0,,0.13,0.1,0.34,5.47,,,,,,,,,,
193,2015-10-19,WE2,,3.9,Bottom,,41.765,-83.33,,,,,12.1,237.8,6.1,21.7,9.98,0.0,,0.1,0.13,0.38,8.78,,,,,,,,,,
194,2015-10-19,WE8,,2.9,Bottom,,41.8421,-83.3631,,,,,12.1,251.7,3.2,44.5,9.27,63.0,,0.1,0.1,0.06,3.57,,,,,,,,,,
195,2015-10-19,WE12,,5.0,Bottom,,41.7031,-83.2546,,,,,12.2,236.5,6.4,20.4,9.91,0.0,,0.26,0.1,0.28,11.25,,,,,,,,,,
196,2016-05-31,WE2,,3.3,Bottom,,41.7639,-83.3296,,,,,20.7,349.0,0.7,84.6,4.64,182.0,,0.1,0.1,0.21,1.0,,,,,,,,,,
197,2016-05-31,WE8,,3.2,Bottom,,41.8335,-83.3574,,,,,21.7,364.3,0.7,84.5,7.01,147.0,,0.1,0.1,0.42,1.04,,,,,,,,,,
198,2016-05-31,WE12,,4.6,Bottom,,41.7042,-83.2519,,,,,16.4,296.5,1.8,64.6,8.08,108.0,,0.1,0.1,0.2,2.16,,,,,,,,,,
199,2016-05-31,WE13,,6.9,Bottom,,41.7437,-83.1345,,,,,14.4,256.1,3.1,46.4,8.85,87.0,,0.1,0.1,0.16,2.12,,,,,,,,,,
200,2016-06-13,WE2,,4.6,Bottom,,41.7633,-83.32799999999997,,,,,21.1,263.6,4.8,30.0,7.31,3.0,,0.1,0.1,0.65,6.83,,,,,,,,,,
201,2016-06-13,WE8,,3.9,Bottom,,41.8347,-83.3635,,,,,22.1,334.2,1.0,78.3,6.86,124.0,,0.1,0.1,0.21,3.48,,,,,,,,,,
202,2016-06-13,WE12,,5.9,Bottom,,41.7039,-83.2543,,,,,20.9,293.6,9.0,10.6,6.91,0.0,,0.1,0.1,0.34,15.15,,,,,,,,,,
203,2016-06-13,WE13,,8.2,Bottom,,41.7443,-83.1346,,,,,20.0,235.4,2.9,48.3,6.95,11.0,,0.1,0.1,0.11,2.47,,,,,,,,,,
204,2016-06-27,WE2,,4.6,Bottom,,41.8249,-83.4028,,,,,23.1,287.0,2.9,48.1,6.08,7.0,,0.1,0.1,0.13,3.2,,,,,,,,,,
205,2016-06-27,WE8,,3.6,Bottom,,41.8347,-83.368,,,,,24.8,323.4,0.9,79.0,6.55,397.0,,0.1,0.1,0.34,2.44,,,,,,,,,,
206,2016-06-27,WE12,,5.8,Bottom,,41.7036,-83.2557,,,,,23.5,287.8,2.6,51.6,6.54,10.0,,0.1,0.1,0.14,4.6,,,,,,,,,,
207,2016-06-27,WE13,,8.1,Bottom,,41.7423,-83.1357,,,,,22.8,235.7,1.6,67.3,6.77,169.0,,0.1,0.1,0.18,2.33,,,,,,,,,,
208,2016-07-05,WE8,,4.1,Bottom,,41.8343,-83.3598,,,,,23.4,302.5,0.8,81.0,6.01,420.0,,0.1,0.1,0.51,2.3,,,,,,,,,,
209,2016-07-05,WE12,,5.7,Bottom,,41.7578,-83.35,,,,,23.0,332.9,5.9,22.6,6.54,0.0,,0.1,0.1,0.21,3.93,,,,,,,,,,
210,2016-07-05,WE13,,8.0,Bottom,,41.8892,-83.2197,,,,,23.2,238.3,1.6,67.0,5.18,75.0,,0.1,0.1,0.27,3.67,,,,,,,,,,
211,2016-07-18,WE2,,4.3,Bottom,,41.7628,-83.3321,,,,,24.8,397.1,4.0,36.7,7.84,1.0,,2.72,0.42,3.96,60.69,,,,,,,,,,
212,2016-07-18,WE8,,3.8,Bottom,,41.8338,-83.3511,,,,,25.1,305.7,1.3,71.8,7.09,151.0,,1.62,0.55,3.81,17.66,,,,,,,,,,
213,2016-07-18,WE12,,5.6,Bottom,,41.7041,-83.2565,,,,,24.5,243.3,4.4,33.6,6.84,2.0,,0.17,0.1,0.24,6.86,,,,,,,,,,
214,2016-07-18,WE13,,8.0,Bottom,,41.743,-83.1377,,,,,24.7,235.3,2.0,60.2,7.13,16.0,,0.1,0.1,0.3,5.4,,,,,,,,,,
215,2016-07-25,WE2,,4.1,Bottom,,41.7635,-83.3324,,,,,25.9,271.8,3.4,42.6,6.49,3.0,,1.6,0.34,3.1,18.61,,,,,,,,,,
216,2016-07-25,WE8,,4.2,Bottom,,41.8325,-83.3605,,,,,26.4,311.0,2.5,53.0,6.34,84.0,,3.72,0.47,3.68,15.75,,,,,,,,,,
217,2016-07-25,WE12,,5.4,Bottom,,41.7038,-83.2553,,,,,25.9,245.3,3.9,38.0,6.61,6.0,,0.26,0.1,0.45,6.72,,,,,,,,,,
218,2016-07-25,WE13,,8.0,Bottom,,41.7421,-83.1395,,,,,25.8,246.4,2.0,60.0,7.07,8.0,,0.6,0.1,0.87,7.35,,,,,,,,,,
219,2016-08-01,WE2,,4.8,Bottom,,41.7649,-83.3301,,,,,26.1,289.8,3.3,44.0,6.32,4.0,,3.23,0.34,4.03,26.15,,,,,,,,,,
220,2016-08-01,WE8,,4.2,Bottom,,41.8346,-83.3565,,,,,26.1,269.7,2.9,48.8,7.46,72.0,,1.56,0.36,10.34,36.57,,,,,,,,,,
221,2016-08-01,WE12,,5.7,Bottom,,41.7048,-83.2544,,,,,26.1,286.8,4.4,33.4,6.56,2.0,,2.65,0.21,9.36,22.08,,,,,,,,,,
222,2016-08-01,WE13,,7.0,Bottom,,41.7444,-83.1351,,,,,26.1,265.7,1.9,62.7,6.43,6.0,,3.21,0.49,5.23,12.92,,,,,,,,,,
223,2016-08-09,WE2,,4.2,Bottom,,41.7621,-83.3305,,,,,25.9,276.0,7.6,14.9,7.02,0.0,,3.22,0.17,4.03,40.52,,,,,,,,,,
224,2016-08-09,WE8,,4.1,Bottom,,41.8343,-83.3571,,,,,26.6,274.5,6.8,18.5,9.01,1.0,,6.03,0.21,10.34,58.64,,,,,,,,,,
225,2016-08-09,WE12,,5.6,Bottom,,41.7018,-83.2517,,,,,26.0,253.6,7.2,16.7,7.05,1.0,,0.93,0.16,9.36,23.47,,,,,,,,,,
226,2016-08-09,WE13,,7.9,Bottom,,41.7414,-83.1353,,,,,26.0,229.3,3.8,38.8,6.72,1.0,,0.86,0.14,5.23,12.0,,,,,,,,,,
227,2016-08-22,WE2,,4.4,Bottom,,41.7646,-83.33200000000002,,,,,24.8,262.1,8.4,12.2,6.49,3.0,,0.95,0.19,3.38,27.43,,,,,,,,,,
228,2016-08-22,WE6,,0.0,Scum,,41.7058,-83.3859,,,,,,,,,,,,47.03,0.7,175.81,1003.2,,,,,,,,,,
229,2016-08-22,WE8,,3.7,Bottom,,41.8361,-83.3599,,,,,24.7,259.6,5.5,25.1,6.34,1.0,,0.56,0.15,2.55,37.62,,,,,,,,,,
230,2016-08-22,WE9,,0.0,Scum,,41.7185,-83.4222,,,,,,,,,,,,55.73,0.63,223.03,746.13,,,,,,,,,,
231,2016-08-22,WE12,,5.5,Bottom,,41.7047,-83.255,,,,,24.9,249.1,5.6,25.0,7.02,2.0,,0.24,0.1,0.52,13.03,,,,,,,,,,
232,2016-08-22,WE13,,7.8,Bottom,,41.7421,-83.1366,,,,,25.3,227.5,4.5,32.1,6.88,0.0,,0.74,0.1,2.32,11.44,,,,,,,,,,
233,2016-08-29,WE2,,4.8,Bottom,,41.7642,-83.3297,,,,,25.0,253.1,7.0,17.2,5.76,0.0,,0.11,0.13,0.43,9.93,,,,,,,,,,
234,2016-08-29,WE8,,4.0,Bottom,,41.8356,-83.3579,,,,,25.4,268.8,9.2,10.0,6.23,0.0,,0.39,0.22,1.34,20.28,,,,,,,,,,
235,2016-08-29,WE12,,5.0,Bottom,,41.7043,-83.2668,,,,,25.2,242.3,6.4,20.3,6.18,0.0,,0.1,0.1,0.28,9.79,,,,,,,,,,
236,2016-08-29,WE13,,8.1,Bottom,,41.7448,-83.133,,,,,25.4,231.5,7.0,17.2,5.99,0.0,,0.27,0.12,1.47,15.36,,,,,,,,,,
237,2016-09-06,WE2,,4.3,Bottom,,41.7626,-83.3311,,,,,23.6,267.2,12.8,4.1,4.97,0.0,,0.1,0.11,0.3,6.97,,,,,,,,,,
238,2016-09-06,WE8,,4.0,Bottom,,41.832,-83.3593,,,,,23.6,293.1,11.6,5.5,5.56,0.0,,0.42,0.36,2.6,15.84,,,,,,,,,,
239,2016-09-06,WE8,,0.0,Scum,,41.832,-83.3593,,,,,,,,,,,,3.23,0.36,173.0,185.13,,,,,,,,,,
240,2016-09-06,WE12,,5.5,Bottom,,41.7026,-83.2558,,,,,23.5,265.2,9.3,9.8,6.15,0.0,,0.1,0.12,0.53,13.2,,,,,,,,,,
241,2016-09-06,WE13,,7.8,Bottom,,41.7406,-83.13799999999998,,,,,23.8,255.6,11.0,6.3,5.42,0.0,,0.1,0.1,0.2,4.52,,,,,,,,,,
242,2016-09-12,WE2,,4.3,Bottom,,41.7632,-83.3315,,,,,23.4,278.6,10.6,7.1,6.01,0.0,,0.14,0.16,0.71,13.32,,,,,,,,,,
243,2016-09-12,WE8,,3.9,Bottom,,41.8322,-83.3589,,,,,,,,,,,,0.2,0.19,0.53,6.38,,,,,,,,,,
244,2016-09-12,WE12,,5.4,Bottom,,41.7021,-83.2706,,,,,23.2,263.6,8.3,12.7,6.24,0.0,,0.2,0.1,0.21,4.34,,,,,,,,,,
245,2016-09-12,WE13,,7.8,Bottom,11:54,41.7427,-83.1366,,,sunny,0.5,23.5,230.3,5.9,22.7,6.43,0.0,,0.1,0.1,0.21,5.04,,,,,,,,,,
246,2016-09-19,WE2,,4.4,Bottom,,41.7628,-83.3314,,,,,22.2,271.0,9.1,10.4,5.58,0.0,,0.18,0.16,0.28,4.88,,,,,,,,,,
247,2016-09-19,WE4,,0.0,Scum,,41.8265,-83.1893,,,,,,,,,,,,1.62,0.24,109.78,149.98,,,,,,,,,,
248,2016-09-19,WE8,,4.1,Bottom,,41.8337,-83.3587,,,,,23.6,292.0,3.1,46.1,6.62,26.0,,0.12,0.22,0.41,9.9,,,,,,,,,,
249,2016-09-19,WE12,,5.0,Bottom,,41.7032,-83.2553,,,,,22.4,262.3,5.6,24.6,6.07,0.0,,0.1,0.1,0.1,5.69,,,,,,,,,,
250,2016-09-19,WE12,,0.0,Scum,,41.7032,-83.2553,,,,,,,,,,,,0.69,0.13,21.51,30.09,,,,,,,,,,
251,2016-09-19,WE13,,7.9,Bottom,,41.7429,-83.1378,,,,,22.6,251.7,13.7,4.1,6.02,0.0,,0.1,0.1,0.15,2.7,,,,,,,,,,
252,2016-09-19,WE13,,0.0,Scum,,41.7429,-83.1378,,,,,,,,,,,,0.5,0.1,16.75,53.72,,,,,,,,,,
253,2016-09-19,WE15,,0.0,Scum,,41.6181,-83.0125,,,,,,,,,,,,9.55,0.18,9.8,65.56,,,,,,,,,,
254,2016-09-28,WE2,,4.1,Bottom,,41.762,-83.3314,,,,,19.8,269.1,4.2,35.3,6.65,0.0,,0.1,0.27,0.04,4.29,,,,,,,,,,
255,2016-09-28,WE8,,4.4,Bottom,,41.8328,-83.35700000000001,,,,,19.9,326.1,6.6,19.3,5.65,0.0,,0.1,0.13,0.5,7.66,,,,,,,,,,
256,2016-09-28,WE12,,5.4,Bottom,,41.7027,-83.2564,,,,,20.2,270.5,7.7,14.5,6.38,0.0,,0.22,0.25,0.45,6.52,,,,,,,,,,
257,2016-09-28,WE13,,7.9,Bottom,,41.7439,-83.1353,,,,,20.6,257.9,10.0,8.2,6.36,0.0,,0.1,0.1,0.11,3.3,,,,,,,,,,
258,2016-10-03,WE2,,4.4,Bottom,,41.7638,-83.3306,,,,,18.3,287.9,13.2,3.7,5.35,0.0,,0.43,0.23,0.06,4.09,,,,,,,,,,
259,2016-10-03,WE8,,4.0,Bottom,,41.8348,-83.3616,,,,,18.9,280.4,5.5,25.3,6.07,2.0,,0.1,0.16,0.14,2.8,,,,,,,,,,
260,2016-10-03,WE12,,5.7,Bottom,,41.7037,-83.2719,,,,,18.7,279.7,18.8,0.9,5.21,0.0,,0.15,0.23,0.13,4.96,,,,,,,,,,
261,2016-10-03,WE13,,7.9,Bottom,,41.7429,-83.1388,,,,,19.1,283.3,21.2,0.5,6.51,0.0,,0.1,0.2,0.08,3.03,,,,,,,,,,
262,2016-10-03,WE13,,0.0,Scum,,41.7429,-83.1388,,,,,,,,,,,,11.46,0.1,431.03,1106.03,,,,,,,,,,
263,2016-10-11,WE2,,4.5,Bottom,,41.7625,-83.3302,,,,,17.1,308.6,10.6,7.1,7.44,0.0,,0.1,0.23,0.46,6.86,,,,,,,,,,
264,2016-10-11,WE8,,4.0,Bottom,,41.8328,-83.35700000000001,,,,,17.3,300.6,5.5,25.2,7.71,3.0,,0.1,0.21,0.26,6.21,,,,,,,,,,
265,2016-10-11,WE8,,0.0,Scum,,41.8328,-83.35700000000001,,,,,,,,,,,,1.01,0.25,,,,,,,,,,,,
266,2016-10-11,WE12,,5.5,Bottom,,41.7049,-83.2662,,,,,17.1,308.2,11.3,5.9,7.0,0.0,,0.11,0.2,0.16,5.24,,,,,,,,,,
267,2016-10-11,WE13,,7.8,Bottom,,41.7418,-83.1375,,,,,17.6,247.8,9.5,9.4,6.94,0.0,,0.1,0.12,0.09,2.38,,,,,,,,,,
268,2016-10-17,WE2,,4.2,Bottom,,41.7626,-83.3318,,,,,16.5,307.2,5.6,24.7,8.15,1.0,,0.27,0.15,0.31,4.84,,,,,,,,,,
269,2016-10-17,WE8,,3.9,Bottom,,41.8328,-83.3605,,,,,16.6,311.6,2.2,57.6,7.57,5.0,,0.1,0.15,0.62,2.5,,,,,,,,,,
270,2016-10-17,WE12,,5.5,Bottom,,41.7019,-83.2563,,,,,16.7,292.9,6.2,21.3,8.01,1.0,,0.1,0.13,0.16,4.54,,,,,,,,,,
271,2016-10-17,WE13,,7.8,Bottom,,41.74100000000001,-83.1371,,,,,16.9,246.8,4.5,32.6,8.04,0.0,,0.1,0.1,0.09,4.28,,,,,,,,,,
272,2017-05-30,WE2,,4.7,Bottom,,41.761,-83.3338,,,,,18.9,398.5,8.5,11.9,6.14,0.0,,0.1,0.1,0.09,2.23,,,,,,,,,,
273,2017-05-30,WE8,,4.5,Bottom,,41.8323,-83.3614,,,,,19.3,430.9,5.7,24.2,7.86,2.0,,0.1,0.1,0.26,36.4,,,,,,,,,,
274,2017-05-30,WE12,,6.1,Bottom,,41.7036,-83.257,,,,,18.0,345.9,11.1,6.3,5.79,0.0,,0.1,0.1,0.06,2.5,,,,,,,,,,
275,2017-05-30,WE13,,8.5,Bottom,,41.7445,-83.1381,,,,,17.2,260.1,2.9,48.8,6.9,9.0,,0.1,0.1,0.04,10.4,,,,,,,,,,
276,2017-06-12,WE2,,4.7,Bottom,,41.7524,-83.33200000000002,,,,,21.9,345.7,2.0,60.9,5.74,6.0,,0.1,0.18,0.03,10.03,,,,,,,,,,
277,2017-06-12,WE8,,4.4,Bottom,,41.8324,-83.3601,,,,,20.8,317.0,1.2,74.5,5.67,35.0,,0.1,0.08,0.03,2.78,,,,,,,,,,
278,2017-06-12,WE12,,6.0,Bottom,,41.7027,-83.2555,,,,,20.3,277.2,2.3,56.9,5.81,54.0,,0.1,0.17,0.03,7.55,,,,,,,,,,
279,2017-06-12,WE13,,8.3,Bottom,,41.7415,-83.1363,,,,,18.7,238.7,3.4,42.7,6.63,25.0,,0.1,0.14,0.03,1.75,,,,,,,,,,
280,2017-06-26,WE2,,4.5,Bottom,,41.7624,-83.3358,,,,,21.4,257.4,2.4,55.2,6.05,122.0,,0.1,0.1,0.06,6.02,,,,,,,,,,
281,2017-06-26,WE8,,4.1,Bottom,,41.8333,-83.3607,,,,,21.2,275.7,1.1,76.6,5.6,62.0,,0.1,0.1,0.06,4.39,,,,,,,,,,
282,2017-06-26,WE12,,,Bottom,,41.705,-83.2597,,,,,21.6,333.6,3.9,37.4,5.19,1.0,,0.1,0.1,,,,,,,,,,,,
283,2017-07-05,WE2,,4.9,Bottom,,41.7632,-83.32799999999997,,,,,23.3,360.9,3.2,45.0,5.85,0.0,,0.1,0.1,0.11,4.29,,,,,,,,,,
284,2017-07-05,WE8,,4.5,Bottom,,41.8358,-83.35700000000001,,,,,23.2,262.7,0.9,80.6,5.51,124.0,,0.1,0.1,0.04,1.44,,,,,,,,,,
285,2017-07-05,WE12,,6.0,Bottom,,41.7027,-83.2529,,,,,22.9,266.4,2.3,56.5,6.27,31.0,,0.1,0.1,0.12,10.76,,,,,,,,,,
286,2017-07-05,WE13,,8.4,Bottom,,41.7444,-83.1336,,,,,22.3,239.6,2.5,53.9,5.71,87.0,,0.1,0.1,0.02,4.19,,,,,,,,,,
287,2017-07-11,WE2,,4.7,Bottom,,41.7623,-83.3298,,,,,25.3,336.1,1.6,67.7,4.49,39.0,,0.1,0.1,0.4,4.39,,,,,,,,,,
288,2017-07-11,WE8,,4.6,Bottom,,41.8318,-83.359,,,,,23.7,285.7,1.1,75.1,4.5,34.0,,0.1,0.28,0.22,1.52,,,,,,,,,,
289,2017-07-11,WE12,,6.0,Bottom,,41.7022,-83.2544,,,,,23.4,272.0,2.0,60.3,4.62,23.0,,0.1,0.1,0.09,3.8,,,,,,,,,,
290,2017-07-11,WE13,,8.3,Bottom,,41.7422,-83.1363,,,,,22.7,248.6,2.9,48.1,4.32,9.0,,0.1,0.13,0.03,1.78,,,,,,,,,,
291,2017-07-17,WE2,,4.9,Bottom,,41.76300000000001,-83.3288,,,,,24.3,330.8,2.5,53.7,5.99,0.0,,0.1,0.1,0.36,3.59,,,,,,,,,,
292,2017-07-17,WE8,,4.2,Bottom,,41.8353,-83.3581,,,,,24.2,350.1,1.4,69.9,4.55,8.0,,0.1,0.1,0.36,7.46,,,,,,,,,,
293,2017-07-17,WE12,,6.0,Bottom,,41.7032,-83.2525,,,,,24.3,317.8,5.2,27.0,6.23,0.0,,0.27,0.1,0.36,7.62,,,,,,,,,,
294,2017-07-17,WE13,,8.4,Bottom,,41.7441,-83.1337,,,,,23.9,244.4,1.8,64.1,5.8,23.0,,0.1,0.1,0.36,3.46,,,,,,,,,,
295,2017-07-24,WE2,,4.9,Bottom,,41.7651,-83.3308,,,,,25.4,289.1,2.3,55.9,5.86,6.0,,0.32,0.1,6.57,36.39,,,,,,,,,,
296,2017-07-24,WE8,,4.3,Bottom,,41.8339,-83.3583,,,,,25.6,314.8,2.0,60.6,5.17,2.0,,0.2,0.1,5.26,31.5,,,,,,,,,,
297,2017-07-24,WE12,,6.0,Bottom,,41.705,-83.2533,,,,,25.4,257.9,2.1,59.4,5.85,5.0,,0.12,0.1,1.7,9.5,,,,,,,,,,
298,2017-07-31,WE2,,4.8,Bottom,,41.7615,-83.3305,,,,,25.5,271.0,6.9,17.8,4.91,1.0,,0.1,0.1,1.04,24.6,,,,,,,,,,
299,2017-07-31,WE8,,4.3,Bottom,,41.8343,-83.3589,,,,,24.7,316.3,7.9,14.2,5.52,0.0,,1.21,0.28,15.78,38.72,,,,,,,,,,
300,2017-07-31,WE12,,6.0,Bottom,,41.7038,-83.2547,,,,,23.4,264.2,8.6,11.6,5.65,0.0,,0.25,0.1,1.21,15.44,,,,,,,,,,
301,2017-07-31,WE13,,8.3,Bottom,,41.745,-83.137,,,,,24.1,252.3,4.2,34.6,4.78,0.0,,0.2,0.1,0.6,9.27,,,,,,,,,,
302,2017-07-31,WE15,,0.0,Scum,,41.6177,-83.0126,,,,,,,,,,,,13.5,0.1,113.37,137.94,,,,,,,,,,
303,2017-07-31,Unknown,,0.0,Scum,12:20,41.71,-83.272,,,,,,,,,,,,61.1,0.95,219.99,358.14,,,,,,,,,,
304,2017-08-07,WE2,,4.8,Bottom,,41.7633,-83.3303,,,,,23.1,272.1,2.2,57.0,5.09,22.0,,1.19,0.18,1.09,8.71,,,,,,,,,,
305,2017-08-07,WE6,,0.0,Scum,,41.7054,-83.3857,,,,,,,,,,,,20.17,0.47,282.01,382.22,,,,,,,,,,
306,2017-08-07,WE8,,4.1,Bottom,,41.8336,-83.361,,,,,22.7,264.4,1.9,61.4,4.16,5.0,,1.01,0.14,4.66,22.04,,,,,,,,,,
307,2017-08-07,WE12,,5.9,Bottom,,41.7029,-83.2539,,,,,23.3,251.6,2.6,52.0,5.53,117.0,,0.22,0.1,2.81,16.7,,,,,,,,,,
308,2017-08-07,WE13,,8.2,Bottom,,41.7442,-83.137,,,,,23.4,256.3,2.5,54.0,3.79,3.0,,0.37,0.21,2.93,8.24,,,,,,,,,,
309,2017-08-07,Unknown,,0.0,Scum,13:42,41.7706,-83.3365,,,sunny,,,,,,,,,109.18,0.47,268.47,222.71,,,,,,,,,,
310,2017-08-14,WE2,,4.8,Bottom,,41.7626,-83.329,,,,,25.1,267.9,1.9,62.6,5.38,52.0,,0.79,0.24,4.68,22.7,,,,,,,,,,
311,2017-08-14,WE6,,0.0,Scum,,41.7053,-83.3845,,,,,,,,,,,,21.63,1.13,,,,,,,,,,,,
312,2017-08-14,WE8,,4.5,Bottom,,41.8331,-83.3568,,,,,23.5,275.6,2.0,60.8,6.62,2.0,,5.22,0.54,8.21,34.45,,,,,,,,,,
313,2017-08-14,WE12,,5.8,Bottom,,41.7028,-83.2548,,,,,24.1,254.2,3.1,46.5,4.37,14.0,,0.19,0.1,1.79,22.37,,,,,,,,,,
314,2017-08-14,WE13,,8.0,Bottom,,41.7406,-83.1362,,,,,23.6,261.3,2.0,60.5,4.86,6.0,,0.39,0.16,2.73,11.89,,,,,,,,,,
315,2017-08-21,WE2,,4.9,Bottom,,41.7624,-83.3295,,,,,25.1,262.8,3.3,43.5,7.76,2.0,,1.91,0.31,14.75,39.29,,,,,,,,,,
316,2017-08-21,WE8,,4.4,Bottom,,41.8337,-83.3583,,,,,,,,,,,,3.73,0.28,20.42,30.89,,,,,,,,,,
317,2017-08-21,WE12,,5.9,Bottom,,41.7034,-83.2533,,,,,24.6,253.9,2.5,53.4,6.02,13.0,,1.12,0.15,6.67,18.48,,,,,,,,,,
318,2017-08-21,WE13,,8.3,Bottom,,41.7435,-83.1359,,,,,24.4,263.6,3.5,42.1,4.47,1.0,,0.7,0.31,1.07,20.59,,,,,,,,,,
319,2017-08-28,WE2,,4.9,Bottom,,41.764,-83.3296,,,,,20.9,223.7,5.6,20.8,7.39,0.0,,9.9,0.48,24.35,75.09,,,,,,,,,,
320,2017-08-28,WE8,,4.3,Bottom,,41.8343,-83.3583,,,,,22.6,244.4,6.5,19.5,7.13,0.0,,16.6,0.76,36.92,113.99,,,,,,,,,,
321,2017-08-28,WE12,,5.8,Bottom,,41.7012,-83.2464,,,,,22.7,247.2,4.0,36.7,6.69,0.0,,2.67,0.16,10.52,28.84,,,,,,,,,,
322,2017-08-28,WE13,,8.2,Bottom,,41.7428,-83.135,,,,,22.8,265.5,2.7,51.4,6.46,0.0,,2.38,0.32,9.25,18.36,,,,,,,,,,
323,2017-09-05,WE2,,3.5,Bottom,,41.7637,-83.3352,,,,,20.0,255.1,21.8,0.4,6.86,0.0,,4.63,0.25,33.9,44.29,,,,,,,,,,
324,2017-09-05,WE8,,4.3,Bottom,,41.8333,-83.3624,,,,,20.0,231.3,1.6,66.9,5.63,13.0,,0.38,0.1,4.56,5.17,,,,,,,,,,
325,2017-09-05,WE12,,5.8,Bottom,,41.7038,-83.25399999999998,,,,,20.2,249.5,14.2,2.9,6.19,0.0,,4.4,0.2,12.44,38.72,,,,,,,,,,
326,2017-09-05,WE13,,8.3,Bottom,,41.7434,-83.13799999999998,,,,,20.3,245.3,17.6,1.2,6.02,0.0,,6.3,0.24,11.98,36.62,,,,,,,,,,
327,2017-09-11,WE2,,4.2,Bottom,,41.7628,-83.3289,,,,,18.5,238.4,8.3,12.4,7.49,0.0,,1.95,0.14,8.18,27.89,,,,,,,,,,
328,2017-09-11,WE8,,4.4,Bottom,,41.833,-83.3572,,,,,18.3,144.5,5.0,28.8,11.46,1.0,,3.25,0.16,13.29,31.22,,,,,,,,,,
329,2017-09-11,WE12,,5.8,Bottom,,41.7032,-83.25399999999998,,,,,18.5,261.8,28.0,0.1,7.05,0.0,,5.96,0.29,28.2,42.25,,,,,,,,,,
330,2017-09-11,WE12,,0.0,Scum,,41.7032,-83.25399999999998,,,,,,,,,,,,32.33,0.26,9829.75,1979.25,,,,,,,,,,
331,2017-09-11,WE13,,8.2,Bottom,,41.7432,-83.1352,,,,,18.8,240.8,9.3,9.7,6.14,0.0,,1.55,0.16,19.36,26.33,,,,,,,,,,
332,2017-09-11,WE15,,0.0,Scum,,41.6254,-83.0199,,,,,,,,,,,,13.25,0.1,2272.89,460.2,,,,,,,,,,
333,2017-09-18,WE2,,4.4,Bottom,,41.7622,-83.3299,,,,,20.7,249.7,5.8,23.7,6.43,0.0,,0.35,0.17,14.77,25.48,,,,,,,,,,
334,2017-09-18,WE2,,0.0,Scum,,41.7622,-83.3299,,,,,,,,,,,,13.26,0.22,4179.01,1647.73,,,,,,,,,,
335,2017-09-18,WE8,,4.2,Bottom,,41.8331,-83.359,,,,,21.3,237.8,2.3,56.6,6.71,0.0,,0.51,,14.8,16.35,,,,,,,,,,
336,2017-09-18,WE9,,0.0,Scum,,41.7175,-83.4236,,,,,,,,,,,,8.97,0.17,1192.71,614.23,,,,,,,,,,
337,2017-09-18,WE12,,5.7,Bottom,,41.703,-83.2539,,,,,20.4,252.3,5.4,26.6,5.68,1.0,,0.23,0.16,1.79,13.52,,,,,,,,,,
338,2017-09-18,WE13,,8.0,Bottom,,41.7423,-83.1364,,,,,19.9,237.9,5.2,28.1,6.81,0.0,,0.37,0.1,8.51,14.53,,,,,,,,,,
339,2017-09-18,Unknown,,0.0,Scum,13:33,41.8151,-83.3895,,,cloudy,0.0,,,,,,,,44.89,0.12,35696.32,13695.32,,,,,,,,,,
340,2017-09-25,WE2,,4.8,Bottom,,41.7625,-83.3292,,,,,23.4,251.8,5.6,25.0,7.37,4.0,,0.46,0.19,23.5,19.63,,,,,,,,,,
341,2017-09-25,WE4,,0.0,Scum,,41.8258,-83.1951,,,,,,,,,,,,3.12,0.1,1646.73,716.63,,,,,,,,,,
342,2017-09-25,WE8,,4.0,Bottom,,41.8338,-83.3588,,,,,24.0,243.7,2.2,57.2,6.71,12.0,,0.87,0.1,17.79,19.13,,,,,,,,,,
343,2017-09-25,WE8,,0.0,Scum,,41.8338,-83.3588,,,,,,,,,,,,10.04,0.16,792.81,260.65,,,,,,,,,,
344,2017-09-25,WE9,,0.0,Scum,,41.7179,-83.4234,,,,,,,,,,,,8.98,0.39,591.66,544.05,,,,,,,,,,
345,2017-09-25,WE12,,5.8,Bottom,,41.7035,-83.2538,,,,,23.3,264.0,6.2,22.4,5.83,10.0,,0.26,0.21,4.46,7.74,,,,,,,,,,
346,2017-09-25,WE13,,8.0,Bottom,,41.742,-83.1363,,,,,21.3,236.3,2.5,54.2,6.92,5.0,,0.1,0.1,2.8,4.5,,,,,,,,,,
347,2017-10-02,WE2,,4.9,Bottom,,41.7622,-83.3292,,,,,20.2,241.4,3.8,38.3,5.86,16.0,,0.31,0.1,3.31,12.35,,,,,,,,,,
348,2017-10-02,WE8,,4.2,Bottom,,41.8333,-83.3582,,,,,19.0,246.9,6.7,18.9,12.61,0.0,,0.78,0.1,18.08,33.57,,,,,,,,,,
349,2017-10-02,WE9,,0.0,Scum,,41.7176,-83.4232,,,,,,,,,,,,1.7,0.28,2405.82,1345.5,,,,,,,,,,
350,2017-10-02,WE12,,5.7,Bottom,,41.7037,-83.255,,,,,19.7,269.5,6.7,18.7,5.68,0.0,,0.76,0.36,9.65,17.75,,,,,,,,,,
351,2017-10-02,WE13,,8.0,Bottom,,41.7408,-83.1361,,,,,20.0,225.6,2.2,57.8,5.85,6.0,,0.17,0.1,10.71,7.51,,,,,,,,,,
352,2017-10-10,WE2,,4.9,Bottom,,41.7628,-83.3305,,,,,19.9,280.7,10.6,7.0,6.83,0.0,,0.56,0.1,12.89,27.98,,,,,,,,,,
353,2017-10-10,WE8,,4.1,Bottom,,41.8343,-83.3584,,,,,19.6,256.0,8.1,13.1,5.47,0.0,,0.52,0.11,12.79,30.42,,,,,,,,,,
354,2017-10-10,WE12,,5.9,Bottom,,41.7038,-83.2539,,,,,20.0,252.5,5.4,26.0,5.8,0.0,,0.27,0.1,11.88,16.71,,,,,,,,,,
355,2017-10-10,WE13,,8.1,Bottom,,41.7429,-83.1366,,,,,20.1,228.1,2.6,51.9,7.47,1.0,,0.11,0.1,9.75,13.78,,,,,,,,,,
356,2017-10-16,WE2,,4.2,Bottom,,41.7643,-83.3303,,,,,16.5,241.3,4.9,29.3,6.1,2.0,,0.16,0.1,3.99,14.3,,,,,,,,,,
357,2017-10-16,WE8,,4.1,Bottom,,41.8338,-83.3587,,,,,17.0,246.9,3.2,45.3,5.31,1.0,,0.23,0.1,7.9,16.44,,,,,,,,,,
358,2017-10-16,WE12,,5.5,Bottom,,41.7039,-83.2537,,,,,17.5,252.2,10.1,8.0,7.01,0.0,,0.23,0.1,1.33,11.83,,,,,,,,,,
359,2017-10-16,WE13,,7.8,Bottom,,41.7436,-83.1369,,,,,18.0,239.5,7.5,15.3,6.34,0.0,,0.1,0.1,5.4,11.73,,,,,,,,,,
360,2018-05-21,WE8,,4.9,Bottom,,41.8341,-83.3553,,,,,,,,,,,,0.1,0.1,0.15,7.47,,,,,,,,,,
361,2018-05-21,WE12,,6.4,Bottom,,41.70399999999999,-83.2528,,,,,,,,,,,,0.1,0.1,0.49,20.69,,,,,,,,,,
362,2018-05-21,WE13,,8.7,Bottom,,41.7421,-83.1337,,,,,,,,,,,,0.1,0.1,0.09,11.97,,,,,,,,,,
363,2018-06-12,WE8,,4.6,Bottom,,41.8341,-83.3553,,,,,20.6,383.2,27.2,0.1,6.61,0.0,,0.1,0.1,0.32,38.11,,,,,,,,,,
364,2018-06-12,WE12,,6.2,Bottom,,41.70399999999999,-83.2528,,,,,20.7,388.2,30.2,0.1,4.99,0.0,,0.1,0.1,0.17,9.9,,,,,,,,,,
365,2018-06-12,WE13,,8.5,Bottom,,41.7421,-83.1337,,,,,20.1,264.8,10.2,7.9,6.6,0.0,,0.1,0.1,0.12,8.21,,,,,,,,,,
366,2018-06-25,WE8,,4.7,Bottom,,41.8341,-83.3553,,,,,22.4,308.7,8.3,12.5,6.59,0.0,,0.1,0.1,0.15,2.91,,,,,,,,,,
367,2018-06-25,WE12,,6.4,Bottom,,41.70399999999999,-83.2528,,,,,22.3,433.9,14.2,2.9,6.37,0.0,,0.28,0.1,0.84,22.05,,,,,,,,,,
368,2018-07-02,WE2,,4.6,Bottom,,41.7953,-83.33,,,,,22.5,319.6,2.8,49.7,5.06,8.0,,0.1,0.1,0.55,14.1,,,,,,,,,,
369,2018-07-02,WE8,,4.6,Bottom,,41.8308,-83.3584,,,,,23.8,344.2,4.2,34.8,7.61,2.0,,0.1,0.1,0.89,11.3,,,,,,,,,,
370,2018-07-02,WE12,,6.0,Bottom,,41.7031,-83.2544,,,,,25.2,335.0,8.0,13.6,6.26,1.0,,0.1,0.1,0.16,6.69,,,,,,,,,,
371,2018-07-02,WE13,,8.3,Bottom,,41.7432,-83.13799999999998,,,,,21.2,231.2,2.7,50.3,7.53,2.0,,0.1,0.1,5.27,20.73,,,,,,,,,,
372,2018-07-09,WE2,,4.6,Bottom,,41.7624,-83.333,,,,,25.9,345.8,3.9,38.0,5.9,6.0,,0.1,0.1,0.19,8.34,,,,,,,,,,
373,2018-07-09,WE8,,4.5,Bottom,,41.8326,-83.3581,,,,,25.0,333.4,4.2,35.0,6.03,0.0,,0.2,0.1,4.15,15.99,,,,,,,,,,
374,2018-07-09,WE12,,5.9,Bottom,,41.70399999999999,-83.2557,,,,,25.3,313.8,6.7,18.6,5.95,0.0,,0.1,0.1,0.11,3.81,,,,,,,,,,
375,2018-07-09,WE13,,8.3,Bottom,,41.7439,-83.1384,,,,,24.7,309.6,3.8,39.0,6.53,0.0,,0.15,0.1,0.21,3.78,,,,,,,,,,
376,2018-07-16,WE2,,4.7,Bottom,,41.7623,-83.33200000000002,,,,,25.7,307.8,1.9,62.3,6.1,13.0,,0.11,0.11,0.61,3.42,,,,,,,,,,
377,2018-07-16,WE8,,4.2,Bottom,,41.8334,-83.3603,,,,,26.7,334.4,2.0,61.1,6.27,5.0,,0.58,0.14,7.08,11.45,,,,,,,,,,
378,2018-07-16,WE12,,5.9,Bottom,,41.7032,-83.2544,,,,,25.2,300.4,3.1,46.4,6.2,11.0,,0.1,0.1,0.21,3.51,,,,,,,,,,
379,2018-07-16,WE13,,8.2,Bottom,,41.7426,-83.1382,,,,,25.1,310.4,2.4,56.1,6.71,4.0,,0.1,0.1,0.36,3.27,,,,,,,,,,
380,2018-07-23,WE2,,4.9,Bottom,,41.7623,-83.3298,,,,,24.0,301.0,2.3,56.7,5.74,134.0,,0.29,0.16,1.69,7.87,,,,,,,,,,
381,2018-07-23,WE8,,4.4,Bottom,,41.8337,-83.3571,,,,,23.8,324.3,3.4,42.9,5.86,39.0,,0.17,0.22,13.36,28.47,,,,,,,,,,
382,2018-07-23,WE12,,5.8,Bottom,,41.7033,-83.2543,,,,,23.9,298.8,4.7,30.7,7.02,179.0,,0.91,0.22,1.05,8.49,,,,,,,,,,
383,2018-07-23,WE13,,8.3,Bottom,,41.735,-83.1365,,,,,24.2,301.1,2.9,48.7,6.3,35.0,,0.2,0.1,2.0,8.18,,,,,,,,,,
384,2018-07-30,WE2,,4.7,Bottom,,41.7629,-83.333,,,,,23.9,269.0,2.7,50.4,7.75,5.0,,1.79,0.23,10.85,19.56,,,,,,,,,,
385,2018-07-30,WE8,,4.4,Bottom,,41.8334,-83.3578,,,,,24.1,319.0,2.7,50.6,6.1,3.0,,2.33,0.14,14.77,24.89,,,,,,,,,,
386,2018-07-30,WE12,,6.0,Bottom,,41.7036,-83.2547,,,,,24.1,302.4,2.8,49.1,5.88,6.0,,1.27,0.14,5.52,14.75,,,,,,,,,,
387,2018-07-30,WE13,,8.3,Bottom,,41.744,-83.1374,,,,,23.8,230.7,1.3,72.1,6.5,9.0,,0.15,0.11,1.51,6.53,,,,,,,,,,
388,2018-08-06,WE2,,4.8,Bottom,,41.7626,-83.3297,,,,,24.4,293.6,4.2,34.6,6.92,9.0,,2.1,0.13,8.82,23.53,,,,,,,,,,
389,2018-08-06,WE8,,4.2,Bottom,,41.8327,-83.3579,,,,,24.0,282.5,3.1,46.4,7.55,3.0,,1.55,0.1,14.71,20.93,,,,,,,,,,
390,2018-08-06,WE12,,5.8,Bottom,,41.7032,-83.2556,,,,,24.7,288.5,3.7,39.6,5.95,4.0,,1.23,0.14,8.06,15.4,,,,,,,,,,
391,2018-08-06,WE13,,8.1,Bottom,,41.743,-83.1387,,,,,23.9,227.5,3.4,42.7,7.45,23.0,,0.75,0.1,5.0,8.44,,,,,,,,,,
392,2018-08-13,WE2,,5.1,Bottom,,41.7627,-83.329,,,,,25.3,277.9,3.4,42.9,7.14,19.0,,1.62,0.18,13.49,19.63,,,,,,,,,,
393,2018-08-13,WE8,,4.4,Bottom,,41.8339,-83.3567,,,,,25.7,264.9,3.5,41.2,7.07,9.0,,1.9,0.19,13.93,18.0,,,,,,,,,,
394,2018-08-13,WE12,,5.9,Bottom,,41.7032,-83.2536,,,,,25.5,288.5,4.3,34.1,8.65,48.0,,2.2,0.2,17.73,17.94,,,,,,,,,,
395,2018-08-13,WE13,,8.3,Bottom,,41.745,-83.1367,,,,,24.9,244.8,1.7,65.7,7.3,16.0,,0.71,0.11,6.28,7.52,,,,,,,,,,
396,2018-08-20,WE2,,5.2,Bottom,,41.7622,-83.3293,,,,,25.1,268.9,4.0,36.3,7.43,9.0,,2.48,0.16,14.55,19.18,,,,,,,,,,
397,2018-08-20,WE8,,4.7,Bottom,,41.8326,-83.3538,,,,,25.1,273.6,4.6,31.7,6.92,1.0,,2.32,0.19,26.92,33.98,,,,,,,,,,
398,2018-08-20,WE12,,5.9,Bottom,,41.7031,-83.2543,,,,,25.0,243.1,2.7,51.4,6.52,11.0,,1.68,0.14,9.18,13.63,,,,,,,,,,
399,2018-08-20,WE13,,8.2,Bottom,,41.743,-83.1335,,,,,25.1,235.4,2.4,54.5,6.96,3.0,,0.62,0.12,3.33,8.12,,,,,,,,,,
400,2018-08-27,WE2,,4.4,Bottom,,41.7636,-83.3342,,,,,24.3,249.8,4.1,35.5,7.55,10.0,,2.2,0.25,15.37,24.7,,,,,,,,,,
401,2018-08-27,WE8,,4.4,Bottom,,41.8338,-83.3567,,,,,24.0,294.1,5.1,28.0,6.32,0.0,,2.54,0.26,27.39,40.27,,,,,,,,,,
402,2018-08-27,WE12,,5.8,Bottom,,41.7027,-83.2558,,,,,24.0,236.6,3.0,47.0,6.45,4.0,,2.2,0.29,12.82,17.81,,,,,,,,,,
403,2018-08-27,WE13,,8.1,Bottom,,41.7424,-83.1366,,,,,24.0,240.7,2.5,53.8,6.29,1.0,,0.43,0.15,4.6,12.07,,,,,,,,,,
404,2018-09-04,WE2,,4.6,Bottom,,41.7626,-83.3292,,,,,25.2,242.7,5.3,26.8,6.12,10.0,,3.02,0.18,7.32,22.42,,,,,,,,,,
405,2018-09-04,WE8,,4.2,Bottom,,41.8335,-83.3596,,,,,25.4,306.3,4.4,33.6,7.38,1.0,,3.89,0.26,33.31,41.73,,,,,,,,,,
406,2018-09-04,WE12,,5.9,Bottom,,41.703,-83.2547,,,,,25.7,241.6,2.6,52.6,5.62,436.0,,1.16,0.17,6.69,25.54,,,,,,,,,,
407,2018-09-04,WE13,,8.0,Bottom,,41.7419,-83.1351,,,,,25.2,233.8,2.0,61.3,5.26,5.0,,0.56,0.1,5.88,14.49,,,,,,,,,,
408,2018-09-11,WE2,,4.9,Bottom,,41.7625,-83.3293,,,,,22.1,282.8,25.3,0.2,6.07,0.0,,0.26,0.39,4.79,16.38,,,,,,,,,,
409,2018-09-11,WE8,,4.4,Bottom,,41.832,-83.3591,,,,,20.2,233.8,9.6,9.0,6.2,38.0,,0.1,0.17,0.16,4.11,,,,,,,,,,
410,2018-09-11,WE12,,5.9,Bottom,,41.7042,-83.2542,,,,,19.8,270.9,39.6,0.0,6.99,0.0,,1.24,0.24,3.33,21.77,,,,,,,,,,
411,2018-09-11,WE13,,8.2,Bottom,,41.7461,-83.1395,,,,,20.4,286.3,41.7,0.0,6.71,0.0,,0.4,0.25,2.72,21.38,,,,,,,,,,
412,2018-09-17,WE2,,4.2,Bottom,,41.7624,-83.3289,,,,,22.2,282.7,4.9,29.2,6.27,1.0,,0.1,0.19,1.53,12.86,,,,,,,,,,
413,2018-09-17,WE8,,4.4,Bottom,,41.8321,-83.3584,,,,,22.6,245.7,2.8,49.1,7.27,3.0,,0.13,0.25,5.93,16.38,,,,,,,,,,
414,2018-09-17,WE12,,5.9,Bottom,,41.7035,-83.2539,,,,,21.6,272.0,9.6,9.2,5.91,0.0,,0.1,0.1,0.51,10.26,,,,,,,,,,
415,2018-09-17,WE13,,8.2,Bottom,,41.7427,-83.1355,,,,,22.7,253.5,8.5,11.9,5.52,0.0,,0.1,0.1,0.65,6.54,,,,,,,,,,
416,2018-09-25,WE2,,4.7,Bottom,,41.7623,-83.3305,,,,,20.8,268.9,9.2,9.9,5.17,0.0,,0.1,0.1,1.42,12.97,,,,,,,,,,
417,2018-09-25,WE12,,5.7,Bottom,,41.7031,-83.2567,,,,,21.0,282.0,10.1,8.0,5.34,0.0,,0.1,0.11,0.38,10.8,,,,,,,,,,
418,2018-10-01,WE2,,4.8,Bottom,,41.76300000000001,-83.3279,,,,,19.1,274.9,6.1,22.2,6.59,3.0,,0.1,0.1,0.66,11.45,,,,,,,,,,
419,2018-10-01,WE8,,4.6,Bottom,,41.833,-83.3573,,,,,19.3,271.5,4.3,33.7,7.73,0.0,,0.1,0.1,1.31,16.38,,,,,,,,,,
420,2018-10-01,WE12,,6.1,Bottom,,41.7045,-83.2507,,,,,19.2,255.3,8.4,12.3,7.53,0.0,,0.1,0.1,0.34,14.88,,,,,,,,,,
421,2018-10-01,WE13,,8.3,Bottom,,41.7444,-83.1359,,,,,19.5,225.4,4.5,32.5,6.94,0.0,,0.1,0.1,0.19,5.86,,,,,,,,,12.78,2.33
